local_time,sex,event,round,startlist_url,results_url,summary_url,points_url
08:00,M,20 Kilometres Race Walk,Final,https://worldathletics.org/results/olympic-games/2024/the-xxxiii-olympic-games-7087/men/20-kilometres-race-walk/final/startlist#resultheader,https://worldathletics.org/results/olympic-games/2024/the-xxxiii-olympic-games-7087/men/20-kilometres-race-walk/final/result#resultheader,,
09:50,W,20 Kilometres Race Walk,Final,https://worldathletics.org/results/olympic-games/2024/the-xxxiii-olympic-games-7087/women/20-kilometres-race-walk/final/startlist#resultheader,https://worldathletics.org/results/olympic-games/2024/the-xxxiii-olympic-games-7087/women/20-kilometres-race-walk/final/result#resultheader,,
10:05,M,100 Metres,Decathlon,https://worldathletics.org/results/olympic-games/2024/the-xxxiii-olympic-games-7087/men/decathlon/100-metres/startlist#resultheader,https://worldathletics.org/results/olympic-games/2024/the-xxxiii-olympic-games-7087/men/decathlon/100-metres/result#resultheader,https://worldathletics.org/results/olympic-games/2024/the-xxxiii-olympic-games-7087/men/decathlon/100-metres/summary#resultheader,https://worldathletics.org/results/olympic-games/2024/the-xxxiii-olympic-games-7087/men/decathlon/100-metres/points#resultheader
10:10,M,Hammer Throw,Qualification Group A,https://worldathletics.org/results/olympic-games/2024/the-xxxiii-olympic-games-7087/men/hammer-throw/qualification/startlist#A,https://worldathletics.org/results/olympic-games/2024/the-xxxiii-olympic-games-7087/men/hammer-throw/qualification/series#A,https://worldathletics.org/results/olympic-games/2024/the-xxxiii-olympic-games-7087/men/hammer-throw/qualification/summary#resultheader,
10:15,W,High Jump,Qualification,https://worldathletics.org/results/olympic-games/2024/the-xxxiii-olympic-games-7087/women/high-jump/qualification/startlist#resultheader,https://worldathletics.org/results/olympic-games/2024/the-xxxiii-olympic-games-7087/women/high-jump/qualification/series#resultheader,https://worldathletics.org/results/olympic-games/2024/the-xxxiii-olympic-games-7087/women/high-jump/qualification/summary#resultheader,
10:35,W,100 Metres,Preliminary Round,https://worldathletics.org/results/olympic-games/2024/the-xxxiii-olympic-games-7087/women/100-metres/preliminary-round/startlist#resultheader,https://worldathletics.org/results/olympic-games/2024/the-xxxiii-olympic-games-7087/women/100-metres/preliminary-round/result#resultheader,https://worldathletics.org/results/olympic-games/2024/the-xxxiii-olympic-games-7087/women/100-metres/preliminary-round/summary#resultheader,
10:55,M,Long Jump,Decathlon,https://worldathletics.org/results/olympic-games/2024/the-xxxiii-olympic-games-7087/men/decathlon/long-jump/startlist#resultheader,https://worldathletics.org/results/olympic-games/2024/the-xxxiii-olympic-games-7087/men/decathlon/long-jump/series#resultheader,https://worldathletics.org/results/olympic-games/2024/the-xxxiii-olympic-games-7087/men/decathlon/long-jump/summary#resultheader,https://worldathletics.org/results/olympic-games/2024/the-xxxiii-olympic-games-7087/men/decathlon/long-jump/points#resultheader
11:10,M,1500 Metres,Heats,https://worldathletics.org/results/olympic-games/2024/the-xxxiii-olympic-games-7087/men/1500-metres/heats/startlist#resultheader,https://worldathletics.org/results/olympic-games/2024/the-xxxiii-olympic-games-7087/men/1500-metres/heats/result#resultheader,https://worldathletics.org/results/olympic-games/2024/the-xxxiii-olympic-games-7087/men/1500-metres/heats/summary#resultheader,
11:35,M,Hammer Throw,Qualification Group B,https://worldathletics.org/results/olympic-games/2024/the-xxxiii-olympic-games-7087/men/hammer-throw/qualification/startlist#B,https://worldathletics.org/results/olympic-games/2024/the-xxxiii-olympic-games-7087/men/hammer-throw/qualification/series#B,https://worldathletics.org/results/olympic-games/2024/the-xxxiii-olympic-games-7087/men/hammer-throw/qualification/summary#resultheader,
11:50,W,100 Metres,Heats,https://worldathletics.org/results/olympic-games/2024/the-xxxiii-olympic-games-7087/women/100-metres/heats/startlist#resultheader,https://worldathletics.org/results/olympic-games/2024/the-xxxiii-olympic-games-7087/women/100-metres/heats/result#resultheader,https://worldathletics.org/results/olympic-games/2024/the-xxxiii-olympic-games-7087/women/100-metres/heats/summary#resultheader,
12:15,M,Shot Put,Decathlon,https://worldathletics.org/results/olympic-games/2024/the-xxxiii-olympic-games-7087/men/decathlon/shot-put/startlist#resultheader,https://worldathletics.org/results/olympic-games/2024/the-xxxiii-olympic-games-7087/men/decathlon/shot-put/series#resultheader,https://worldathletics.org/results/olympic-games/2024/the-xxxiii-olympic-games-7087/men/decathlon/shot-put/summary#resultheader,https://worldathletics.org/results/olympic-games/2024/the-xxxiii-olympic-games-7087/men/decathlon/shot-put/points#resultheader
18:00,M,High Jump,Decathlon,https://worldathletics.org/results/olympic-games/2024/the-xxxiii-olympic-games-7087/men/decathlon/high-jump/startlist#resultheader,https://worldathletics.org/results/olympic-games/2024/the-xxxiii-olympic-games-7087/men/decathlon/high-jump/series#resultheader,https://worldathletics.org/results/olympic-games/2024/the-xxxiii-olympic-games-7087/men/decathlon/high-jump/summary#resultheader,https://worldathletics.org/results/olympic-games/2024/the-xxxiii-olympic-games-7087/men/decathlon/high-jump/points#resultheader
18:10,W,5000 Metres,Heats,https://worldathletics.org/results/olympic-games/2024/the-xxxiii-olympic-games-7087/women/5000-metres/heats/startlist#resultheader,https://worldathletics.org/results/olympic-games/2024/the-xxxiii-olympic-games-7087/women/5000-metres/heats/result#resultheader,https://worldathletics.org/results/olympic-games/2024/the-xxxiii-olympic-games-7087/women/5000-metres/heats/summary#resultheader,
18:15,W,Triple Jump,Qualification,https://worldathletics.org/results/olympic-games/2024/the-xxxiii-olympic-games-7087/women/triple-jump/qualification/startlist#resultheader,https://worldathletics.org/results/olympic-games/2024/the-xxxiii-olympic-games-7087/women/triple-jump/qualification/series#resultheader,https://worldathletics.org/results/olympic-games/2024/the-xxxiii-olympic-games-7087/women/triple-jump/qualification/summary#resultheader,
18:55,W,Discus Throw,Qualification Group A,https://worldathletics.org/results/olympic-games/2024/the-xxxiii-olympic-games-7087/women/discus-throw/qualification/startlist#A,https://worldathletics.org/results/olympic-games/2024/the-xxxiii-olympic-games-7087/women/discus-throw/qualification/series#A,https://worldathletics.org/results/olympic-games/2024/the-xxxiii-olympic-games-7087/women/discus-throw/qualification/summary#resultheader,
19:10,X,4x400 Metres Relay,Heats,https://worldathletics.org/results/olympic-games/2024/the-xxxiii-olympic-games-7087/mixed/4x400-metres-relay/heats/startlist#resultheader,https://worldathletics.org/results/olympic-games/2024/the-xxxiii-olympic-games-7087/mixed/4x400-metres-relay/heats/result#resultheader,https://worldathletics.org/results/olympic-games/2024/the-xxxiii-olympic-games-7087/mixed/4x400-metres-relay/heats/summary#resultheader,
19:45,W,800 Metres,Heats,https://worldathletics.org/results/olympic-games/2024/the-xxxiii-olympic-games-7087/women/800-metres/heats/startlist#resultheader,https://worldathletics.org/results/olympic-games/2024/the-xxxiii-olympic-games-7087/women/800-metres/heats/result#resultheader,https://worldathletics.org/results/olympic-games/2024/the-xxxiii-olympic-games-7087/women/800-metres/heats/summary#resultheader,
20:10,M,Shot Put,Qualification,https://worldathletics.org/results/olympic-games/2024/the-xxxiii-olympic-games-7087/men/shot-put/qualification/startlist#resultheader,https://worldathletics.org/results/olympic-games/2024/the-xxxiii-olympic-games-7087/men/shot-put/qualification/series#resultheader,https://worldathletics.org/results/olympic-games/2024/the-xxxiii-olympic-games-7087/men/shot-put/qualification/summary#resultheader,
20:20,W,Discus Throw,Qualification Group B,https://worldathletics.org/results/olympic-games/2024/the-xxxiii-olympic-games-7087/women/discus-throw/qualification/startlist#B,https://worldathletics.org/results/olympic-games/2024/the-xxxiii-olympic-games-7087/women/discus-throw/qualification/series#B,https://worldathletics.org/results/olympic-games/2024/the-xxxiii-olympic-games-7087/women/discus-throw/qualification/summary#resultheader,
20:50,M,400 Metres,Decathlon,https://worldathletics.org/results/olympic-games/2024/the-xxxiii-olympic-games-7087/men/decathlon/400-metres/startlist#resultheader,https://worldathletics.org/results/olympic-games/2024/the-xxxiii-olympic-games-7087/men/decathlon/400-metres/result#resultheader,https://worldathletics.org/results/olympic-games/2024/the-xxxiii-olympic-games-7087/men/decathlon/400-metres/summary#resultheader,https://worldathletics.org/results/olympic-games/2024/the-xxxiii-olympic-games-7087/men/decathlon/400-metres/points#resultheader
21:20,M,"10,000 Metres",Final,https://worldathletics.org/results/olympic-games/2024/the-xxxiii-olympic-games-7087/men/10000-metres/final/startlist#resultheader,https://worldathletics.org/results/olympic-games/2024/the-xxxiii-olympic-games-7087/men/10000-metres/final/result#resultheader,,
10:05,M,110 Metres Hurdles,Decathlon,https://worldathletics.org/results/olympic-games/2024/the-xxxiii-olympic-games-7087/men/decathlon/110-metres-hurdles/startlist#resultheader,https://worldathletics.org/results/olympic-games/2024/the-xxxiii-olympic-games-7087/men/decathlon/110-metres-hurdles/result#resultheader,https://worldathletics.org/results/olympic-games/2024/the-xxxiii-olympic-games-7087/men/decathlon/110-metres-hurdles/summary#resultheader,https://worldathletics.org/results/olympic-games/2024/the-xxxiii-olympic-games-7087/men/decathlon/110-metres-hurdles/points#resultheader
10:10,M,Pole Vault,Qualification,https://worldathletics.org/results/olympic-games/2024/the-xxxiii-olympic-games-7087/men/pole-vault/qualification/startlist#resultheader,https://worldathletics.org/results/olympic-games/2024/the-xxxiii-olympic-games-7087/men/pole-vault/qualification/series#resultheader,https://worldathletics.org/results/olympic-games/2024/the-xxxiii-olympic-games-7087/men/pole-vault/qualification/summary#resultheader,
10:35,M,100 Metres,Preliminary Round,https://worldathletics.org/results/olympic-games/2024/the-xxxiii-olympic-games-7087/men/100-metres/preliminary-round/startlist#resultheader,https://worldathletics.org/results/olympic-games/2024/the-xxxiii-olympic-games-7087/men/100-metres/preliminary-round/result#resultheader,https://worldathletics.org/results/olympic-games/2024/the-xxxiii-olympic-games-7087/men/100-metres/preliminary-round/summary#resultheader,
10:55,M,Discus Throw,Decathlon Group A,https://worldathletics.org/results/olympic-games/2024/the-xxxiii-olympic-games-7087/men/decathlon/discus-throw/startlist#A,https://worldathletics.org/results/olympic-games/2024/the-xxxiii-olympic-games-7087/men/decathlon/discus-throw/series#A,https://worldathletics.org/results/olympic-games/2024/the-xxxiii-olympic-games-7087/men/decathlon/discus-throw/summary#resultheader,https://worldathletics.org/results/olympic-games/2024/the-xxxiii-olympic-games-7087/men/decathlon/discus-throw/points#resultheader
11:20,W,800 Metres,Repechage Round,https://worldathletics.org/results/olympic-games/2024/the-xxxiii-olympic-games-7087/women/800-metres/repechage-round/startlist#resultheader,https://worldathletics.org/results/olympic-games/2024/the-xxxiii-olympic-games-7087/women/800-metres/repechage-round/result#resultheader,https://worldathletics.org/results/olympic-games/2024/the-xxxiii-olympic-games-7087/women/800-metres/repechage-round/summary#resultheader,
11:55,M,100 Metres,Heats,https://worldathletics.org/results/olympic-games/2024/the-xxxiii-olympic-games-7087/men/100-metres/heats/startlist#resultheader,https://worldathletics.org/results/olympic-games/2024/the-xxxiii-olympic-games-7087/men/100-metres/heats/result#resultheader,https://worldathletics.org/results/olympic-games/2024/the-xxxiii-olympic-games-7087/men/100-metres/heats/summary#resultheader,
12:05,M,Discus Throw,Decathlon Group B,https://worldathletics.org/results/olympic-games/2024/the-xxxiii-olympic-games-7087/men/decathlon/discus-throw/startlist#B,https://worldathletics.org/results/olympic-games/2024/the-xxxiii-olympic-games-7087/men/decathlon/discus-throw/series#B,https://worldathletics.org/results/olympic-games/2024/the-xxxiii-olympic-games-7087/men/decathlon/discus-throw/summary#resultheader,https://worldathletics.org/results/olympic-games/2024/the-xxxiii-olympic-games-7087/men/decathlon/discus-throw/points#resultheader
13:40,M,Pole Vault,Decathlon,https://worldathletics.org/results/olympic-games/2024/the-xxxiii-olympic-games-7087/men/decathlon/pole-vault/startlist#resultheader,https://worldathletics.org/results/olympic-games/2024/the-xxxiii-olympic-games-7087/men/decathlon/pole-vault/series#resultheader,https://worldathletics.org/results/olympic-games/2024/the-xxxiii-olympic-games-7087/men/decathlon/pole-vault/summary#resultheader,https://worldathletics.org/results/olympic-games/2024/the-xxxiii-olympic-games-7087/men/decathlon/pole-vault/points#resultheader
19:10,M,Javelin Throw,Decathlon Group A,https://worldathletics.org/results/olympic-games/2024/the-xxxiii-olympic-games-7087/men/decathlon/javelin-throw/startlist#A,https://worldathletics.org/results/olympic-games/2024/the-xxxiii-olympic-games-7087/men/decathlon/javelin-throw/series#A,https://worldathletics.org/results/olympic-games/2024/the-xxxiii-olympic-games-7087/men/decathlon/javelin-throw/summary#resultheader,https://worldathletics.org/results/olympic-games/2024/the-xxxiii-olympic-games-7087/men/decathlon/javelin-throw/points#resultheader
19:15,M,1500 Metres,Repechage Round,https://worldathletics.org/results/olympic-games/2024/the-xxxiii-olympic-games-7087/men/1500-metres/repechage-round/startlist#resultheader,https://worldathletics.org/results/olympic-games/2024/the-xxxiii-olympic-games-7087/men/1500-metres/repechage-round/result#resultheader,https://worldathletics.org/results/olympic-games/2024/the-xxxiii-olympic-games-7087/men/1500-metres/repechage-round/summary#resultheader,
19:35,M,Shot Put,Final,https://worldathletics.org/results/olympic-games/2024/the-xxxiii-olympic-games-7087/men/shot-put/final/startlist#resultheader,https://worldathletics.org/results/olympic-games/2024/the-xxxiii-olympic-games-7087/men/shot-put/final/series#resultheader,,
19:50,W,100 Metres,Semi-Final,https://worldathletics.org/results/olympic-games/2024/the-xxxiii-olympic-games-7087/women/100-metres/semi-final/startlist#resultheader,https://worldathletics.org/results/olympic-games/2024/the-xxxiii-olympic-games-7087/women/100-metres/semi-final/result#resultheader,https://worldathletics.org/results/olympic-games/2024/the-xxxiii-olympic-games-7087/women/100-metres/semi-final/summary#resultheader,
20:10,M,Javelin Throw,Decathlon Group B,https://worldathletics.org/results/olympic-games/2024/the-xxxiii-olympic-games-7087/men/decathlon/javelin-throw/startlist#B,https://worldathletics.org/results/olympic-games/2024/the-xxxiii-olympic-games-7087/men/decathlon/javelin-throw/series#B,https://worldathletics.org/results/olympic-games/2024/the-xxxiii-olympic-games-7087/men/decathlon/javelin-throw/summary#resultheader,https://worldathletics.org/results/olympic-games/2024/the-xxxiii-olympic-games-7087/men/decathlon/javelin-throw/points#resultheader
20:20,W,Triple Jump,Final,https://worldathletics.org/results/olympic-games/2024/the-xxxiii-olympic-games-7087/women/triple-jump/final/startlist#resultheader,https://worldathletics.org/results/olympic-games/2024/the-xxxiii-olympic-games-7087/women/triple-jump/final/series#resultheader,,
20:55,X,4x400 Metres Relay,Final,https://worldathletics.org/results/olympic-games/2024/the-xxxiii-olympic-games-7087/mixed/4x400-metres-relay/final/startlist#resultheader,https://worldathletics.org/results/olympic-games/2024/the-xxxiii-olympic-games-7087/mixed/4x400-metres-relay/final/result#resultheader,,
21:20,W,100 Metres,Final,https://worldathletics.org/results/olympic-games/2024/the-xxxiii-olympic-games-7087/women/100-metres/final/startlist#resultheader,https://worldathletics.org/results/olympic-games/2024/the-xxxiii-olympic-games-7087/women/100-metres/final/result#resultheader,,
21:45,M,1500 Metres,Decathlon,https://worldathletics.org/results/olympic-games/2024/the-xxxiii-olympic-games-7087/men/decathlon/1500-metres/startlist#resultheader,https://worldathletics.org/results/olympic-games/2024/the-xxxiii-olympic-games-7087/men/decathlon/1500-metres/result#resultheader,https://worldathletics.org/results/olympic-games/2024/the-xxxiii-olympic-games-7087/men/decathlon/1500-metres/summary#resultheader,https://worldathletics.org/results/olympic-games/2024/the-xxxiii-olympic-games-7087/men/decathlon/1500-metres/points#resultheader
10:05,W,3000 Metres Steeplechase,Heats,https://worldathletics.org/results/olympic-games/2024/the-xxxiii-olympic-games-7087/women/3000-metres-steeplechase/heats/startlist#resultheader,https://worldathletics.org/results/olympic-games/2024/the-xxxiii-olympic-games-7087/women/3000-metres-steeplechase/heats/result#resultheader,https://worldathletics.org/results/olympic-games/2024/the-xxxiii-olympic-games-7087/women/3000-metres-steeplechase/heats/summary#resultheader,
10:20,W,Hammer Throw,Qualification Group A,https://worldathletics.org/results/olympic-games/2024/the-xxxiii-olympic-games-7087/women/hammer-throw/qualification/startlist#A,https://worldathletics.org/results/olympic-games/2024/the-xxxiii-olympic-games-7087/women/hammer-throw/qualification/series#A,https://worldathletics.org/results/olympic-games/2024/the-xxxiii-olympic-games-7087/women/hammer-throw/qualification/summary#resultheader,
10:55,W,200 Metres,Heats,https://worldathletics.org/results/olympic-games/2024/the-xxxiii-olympic-games-7087/women/200-metres/heats/startlist#resultheader,https://worldathletics.org/results/olympic-games/2024/the-xxxiii-olympic-games-7087/women/200-metres/heats/result#resultheader,https://worldathletics.org/results/olympic-games/2024/the-xxxiii-olympic-games-7087/women/200-metres/heats/summary#resultheader,
11:00,M,Long Jump,Qualification,https://worldathletics.org/results/olympic-games/2024/the-xxxiii-olympic-games-7087/men/long-jump/qualification/startlist#resultheader,https://worldathletics.org/results/olympic-games/2024/the-xxxiii-olympic-games-7087/men/long-jump/qualification/series#resultheader,https://worldathletics.org/results/olympic-games/2024/the-xxxiii-olympic-games-7087/men/long-jump/qualification/summary#resultheader,
11:45,W,Hammer Throw,Qualification Group B,https://worldathletics.org/results/olympic-games/2024/the-xxxiii-olympic-games-7087/women/hammer-throw/qualification/startlist#B,https://worldathletics.org/results/olympic-games/2024/the-xxxiii-olympic-games-7087/women/hammer-throw/qualification/series#B,https://worldathletics.org/results/olympic-games/2024/the-xxxiii-olympic-games-7087/women/hammer-throw/qualification/summary#resultheader,
11:50,M,110 Metres Hurdles,Heats,https://worldathletics.org/results/olympic-games/2024/the-xxxiii-olympic-games-7087/men/110-metres-hurdles/heats/startlist#resultheader,https://worldathletics.org/results/olympic-games/2024/the-xxxiii-olympic-games-7087/men/110-metres-hurdles/heats/result#resultheader,https://worldathletics.org/results/olympic-games/2024/the-xxxiii-olympic-games-7087/men/110-metres-hurdles/heats/summary#resultheader,
12:35,W,400 Metres Hurdles,Heats,https://worldathletics.org/results/olympic-games/2024/the-xxxiii-olympic-games-7087/women/400-metres-hurdles/heats/startlist#resultheader,https://worldathletics.org/results/olympic-games/2024/the-xxxiii-olympic-games-7087/women/400-metres-hurdles/heats/result#resultheader,https://worldathletics.org/results/olympic-games/2024/the-xxxiii-olympic-games-7087/women/400-metres-hurdles/heats/summary#resultheader,
19:05,M,400 Metres,Heats,https://worldathletics.org/results/olympic-games/2024/the-xxxiii-olympic-games-7087/men/400-metres/heats/startlist#resultheader,https://worldathletics.org/results/olympic-games/2024/the-xxxiii-olympic-games-7087/men/400-metres/heats/result#resultheader,https://worldathletics.org/results/olympic-games/2024/the-xxxiii-olympic-games-7087/men/400-metres/heats/summary#resultheader,
19:55,W,High Jump,Final,https://worldathletics.org/results/olympic-games/2024/the-xxxiii-olympic-games-7087/women/high-jump/final/startlist#resultheader,https://worldathletics.org/results/olympic-games/2024/the-xxxiii-olympic-games-7087/women/high-jump/final/series#resultheader,,
20:05,M,100 Metres,Semi-Final,https://worldathletics.org/results/olympic-games/2024/the-xxxiii-olympic-games-7087/men/100-metres/semi-final/startlist#resultheader,https://worldathletics.org/results/olympic-games/2024/the-xxxiii-olympic-games-7087/men/100-metres/semi-final/result#resultheader,https://worldathletics.org/results/olympic-games/2024/the-xxxiii-olympic-games-7087/men/100-metres/semi-final/summary#resultheader,
20:30,M,Hammer Throw,Final,https://worldathletics.org/results/olympic-games/2024/the-xxxiii-olympic-games-7087/men/hammer-throw/final/startlist#resultheader,https://worldathletics.org/results/olympic-games/2024/the-xxxiii-olympic-games-7087/men/hammer-throw/final/series#resultheader,,
20:35,W,800 Metres,Semi-Final,https://worldathletics.org/results/olympic-games/2024/the-xxxiii-olympic-games-7087/women/800-metres/semi-final/startlist#resultheader,https://worldathletics.org/results/olympic-games/2024/the-xxxiii-olympic-games-7087/women/800-metres/semi-final/result#resultheader,https://worldathletics.org/results/olympic-games/2024/the-xxxiii-olympic-games-7087/women/800-metres/semi-final/summary#resultheader,
21:10,M,1500 Metres,Semi-Final,https://worldathletics.org/results/olympic-games/2024/the-xxxiii-olympic-games-7087/men/1500-metres/semi-final/startlist#resultheader,https://worldathletics.org/results/olympic-games/2024/the-xxxiii-olympic-games-7087/men/1500-metres/semi-final/result#resultheader,https://worldathletics.org/results/olympic-games/2024/the-xxxiii-olympic-games-7087/men/1500-metres/semi-final/summary#resultheader,
21:50,M,100 Metres,Final,https://worldathletics.org/results/olympic-games/2024/the-xxxiii-olympic-games-7087/men/100-metres/final/startlist#resultheader,https://worldathletics.org/results/olympic-games/2024/the-xxxiii-olympic-games-7087/men/100-metres/final/result#resultheader,,
10:05,M,400 Metres Hurdles,Heats,https://worldathletics.org/results/olympic-games/2024/the-xxxiii-olympic-games-7087/men/400-metres-hurdles/heats/startlist#resultheader,https://worldathletics.org/results/olympic-games/2024/the-xxxiii-olympic-games-7087/men/400-metres-hurdles/heats/result#resultheader,https://worldathletics.org/results/olympic-games/2024/the-xxxiii-olympic-games-7087/men/400-metres-hurdles/heats/summary#resultheader,
10:10,M,Discus Throw,Qualification Group A,https://worldathletics.org/results/olympic-games/2024/the-xxxiii-olympic-games-7087/men/discus-throw/qualification/startlist#A,https://worldathletics.org/results/olympic-games/2024/the-xxxiii-olympic-games-7087/men/discus-throw/qualification/series#A,https://worldathletics.org/results/olympic-games/2024/the-xxxiii-olympic-games-7087/men/discus-throw/qualification/summary#resultheader,
10:40,W,Pole Vault,Qualification,https://worldathletics.org/results/olympic-games/2024/the-xxxiii-olympic-games-7087/women/pole-vault/qualification/startlist#resultheader,https://worldathletics.org/results/olympic-games/2024/the-xxxiii-olympic-games-7087/women/pole-vault/qualification/series#resultheader,https://worldathletics.org/results/olympic-games/2024/the-xxxiii-olympic-games-7087/women/pole-vault/qualification/summary#resultheader,
10:50,W,400 Metres Hurdles,Repechage Round,https://worldathletics.org/results/olympic-games/2024/the-xxxiii-olympic-games-7087/women/400-metres-hurdles/repechage-round/startlist#resultheader,https://worldathletics.org/results/olympic-games/2024/the-xxxiii-olympic-games-7087/women/400-metres-hurdles/repechage-round/result#resultheader,https://worldathletics.org/results/olympic-games/2024/the-xxxiii-olympic-games-7087/women/400-metres-hurdles/repechage-round/summary#resultheader,
11:20,M,400 Metres,Repechage Round,https://worldathletics.org/results/olympic-games/2024/the-xxxiii-olympic-games-7087/men/400-metres/repechage-round/startlist#resultheader,https://worldathletics.org/results/olympic-games/2024/the-xxxiii-olympic-games-7087/men/400-metres/repechage-round/result#resultheader,https://worldathletics.org/results/olympic-games/2024/the-xxxiii-olympic-games-7087/men/400-metres/repechage-round/summary#resultheader,
11:35,M,Discus Throw,Qualification Group B,https://worldathletics.org/results/olympic-games/2024/the-xxxiii-olympic-games-7087/men/discus-throw/qualification/startlist#B,https://worldathletics.org/results/olympic-games/2024/the-xxxiii-olympic-games-7087/men/discus-throw/qualification/series#B,https://worldathletics.org/results/olympic-games/2024/the-xxxiii-olympic-games-7087/men/discus-throw/qualification/summary#resultheader,
11:55,W,400 Metres,Heats,https://worldathletics.org/results/olympic-games/2024/the-xxxiii-olympic-games-7087/women/400-metres/heats/startlist#resultheader,https://worldathletics.org/results/olympic-games/2024/the-xxxiii-olympic-games-7087/women/400-metres/heats/result#resultheader,https://worldathletics.org/results/olympic-games/2024/the-xxxiii-olympic-games-7087/women/400-metres/heats/summary#resultheader,
12:50,W,200 Metres,Repechage Round,https://worldathletics.org/results/olympic-games/2024/the-xxxiii-olympic-games-7087/women/200-metres/repechage-round/startlist#resultheader,https://worldathletics.org/results/olympic-games/2024/the-xxxiii-olympic-games-7087/women/200-metres/repechage-round/result#resultheader,https://worldathletics.org/results/olympic-games/2024/the-xxxiii-olympic-games-7087/women/200-metres/repechage-round/summary#resultheader,
19:00,M,Pole Vault,Final,https://worldathletics.org/results/olympic-games/2024/the-xxxiii-olympic-games-7087/men/pole-vault/final/startlist#resultheader,https://worldathletics.org/results/olympic-games/2024/the-xxxiii-olympic-games-7087/men/pole-vault/final/series#resultheader,,
19:04,M,3000 Metres Steeplechase,Heats,https://worldathletics.org/results/olympic-games/2024/the-xxxiii-olympic-games-7087/men/3000-metres-steeplechase/heats/startlist#resultheader,https://worldathletics.org/results/olympic-games/2024/the-xxxiii-olympic-games-7087/men/3000-metres-steeplechase/heats/result#resultheader,https://worldathletics.org/results/olympic-games/2024/the-xxxiii-olympic-games-7087/men/3000-metres-steeplechase/heats/summary#resultheader,
19:55,M,200 Metres,Heats,https://worldathletics.org/results/olympic-games/2024/the-xxxiii-olympic-games-7087/men/200-metres/heats/startlist#resultheader,https://worldathletics.org/results/olympic-games/2024/the-xxxiii-olympic-games-7087/men/200-metres/heats/result#resultheader,https://worldathletics.org/results/olympic-games/2024/the-xxxiii-olympic-games-7087/men/200-metres/heats/summary#resultheader,
20:30,W,Discus Throw,Final,https://worldathletics.org/results/olympic-games/2024/the-xxxiii-olympic-games-7087/women/discus-throw/final/startlist#resultheader,https://worldathletics.org/results/olympic-games/2024/the-xxxiii-olympic-games-7087/women/discus-throw/final/series#resultheader,,
20:45,W,200 Metres,Semi-Final,https://worldathletics.org/results/olympic-games/2024/the-xxxiii-olympic-games-7087/women/200-metres/semi-final/startlist#resultheader,https://worldathletics.org/results/olympic-games/2024/the-xxxiii-olympic-games-7087/women/200-metres/semi-final/result#resultheader,https://worldathletics.org/results/olympic-games/2024/the-xxxiii-olympic-games-7087/women/200-metres/semi-final/summary#resultheader,
21:15,W,5000 Metres,Final,https://worldathletics.org/results/olympic-games/2024/the-xxxiii-olympic-games-7087/women/5000-metres/final/startlist#resultheader,https://worldathletics.org/results/olympic-games/2024/the-xxxiii-olympic-games-7087/women/5000-metres/final/result#resultheader,,
21:47,W,800 Metres,Final,https://worldathletics.org/results/olympic-games/2024/the-xxxiii-olympic-games-7087/women/800-metres/final/startlist#resultheader,https://worldathletics.org/results/olympic-games/2024/the-xxxiii-olympic-games-7087/women/800-metres/final/result#resultheader,,
10:05,W,1500 Metres,Heats,https://worldathletics.org/results/olympic-games/2024/the-xxxiii-olympic-games-7087/women/1500-metres/heats/startlist#resultheader,https://worldathletics.org/results/olympic-games/2024/the-xxxiii-olympic-games-7087/women/1500-metres/heats/result#resultheader,https://worldathletics.org/results/olympic-games/2024/the-xxxiii-olympic-games-7087/women/1500-metres/heats/summary#resultheader,
10:20,M,Javelin Throw,Qualification Group A,https://worldathletics.org/results/olympic-games/2024/the-xxxiii-olympic-games-7087/men/javelin-throw/qualification/startlist#A,https://worldathletics.org/results/olympic-games/2024/the-xxxiii-olympic-games-7087/men/javelin-throw/qualification/series#A,https://worldathletics.org/results/olympic-games/2024/the-xxxiii-olympic-games-7087/men/javelin-throw/qualification/summary#resultheader,
10:50,M,110 Metres Hurdles,Repechage Round,https://worldathletics.org/results/olympic-games/2024/the-xxxiii-olympic-games-7087/men/110-metres-hurdles/repechage-round/startlist#resultheader,https://worldathletics.org/results/olympic-games/2024/the-xxxiii-olympic-games-7087/men/110-metres-hurdles/repechage-round/result#resultheader,https://worldathletics.org/results/olympic-games/2024/the-xxxiii-olympic-games-7087/men/110-metres-hurdles/repechage-round/summary#resultheader,
11:15,W,Long Jump,Qualification,https://worldathletics.org/results/olympic-games/2024/the-xxxiii-olympic-games-7087/women/long-jump/qualification/startlist#resultheader,https://worldathletics.org/results/olympic-games/2024/the-xxxiii-olympic-games-7087/women/long-jump/qualification/series#resultheader,https://worldathletics.org/results/olympic-games/2024/the-xxxiii-olympic-games-7087/women/long-jump/qualification/summary#resultheader,
11:20,W,400 Metres,Repechage Round,https://worldathletics.org/results/olympic-games/2024/the-xxxiii-olympic-games-7087/women/400-metres/repechage-round/startlist#resultheader,https://worldathletics.org/results/olympic-games/2024/the-xxxiii-olympic-games-7087/women/400-metres/repechage-round/result#resultheader,https://worldathletics.org/results/olympic-games/2024/the-xxxiii-olympic-games-7087/women/400-metres/repechage-round/summary#resultheader,
11:50,M,Javelin Throw,Qualification Group B,https://worldathletics.org/results/olympic-games/2024/the-xxxiii-olympic-games-7087/men/javelin-throw/qualification/startlist#B,https://worldathletics.org/results/olympic-games/2024/the-xxxiii-olympic-games-7087/men/javelin-throw/qualification/series#B,https://worldathletics.org/results/olympic-games/2024/the-xxxiii-olympic-games-7087/men/javelin-throw/qualification/summary#resultheader,
12:00,M,400 Metres Hurdles,Repechage Round,https://worldathletics.org/results/olympic-games/2024/the-xxxiii-olympic-games-7087/men/400-metres-hurdles/repechage-round/startlist#resultheader,https://worldathletics.org/results/olympic-games/2024/the-xxxiii-olympic-games-7087/men/400-metres-hurdles/repechage-round/result#resultheader,https://worldathletics.org/results/olympic-games/2024/the-xxxiii-olympic-games-7087/men/400-metres-hurdles/repechage-round/summary#resultheader,
12:30,M,200 Metres,Repechage Round,https://worldathletics.org/results/olympic-games/2024/the-xxxiii-olympic-games-7087/men/200-metres/repechage-round/startlist#resultheader,https://worldathletics.org/results/olympic-games/2024/the-xxxiii-olympic-games-7087/men/200-metres/repechage-round/result#resultheader,https://worldathletics.org/results/olympic-games/2024/the-xxxiii-olympic-games-7087/men/200-metres/repechage-round/summary#resultheader,
19:35,M,400 Metres,Semi-Final,https://worldathletics.org/results/olympic-games/2024/the-xxxiii-olympic-games-7087/men/400-metres/semi-final/startlist#resultheader,https://worldathletics.org/results/olympic-games/2024/the-xxxiii-olympic-games-7087/men/400-metres/semi-final/result#resultheader,https://worldathletics.org/results/olympic-games/2024/the-xxxiii-olympic-games-7087/men/400-metres/semi-final/summary#resultheader,
19:57,W,Hammer Throw,Final,https://worldathletics.org/results/olympic-games/2024/the-xxxiii-olympic-games-7087/women/hammer-throw/final/startlist#resultheader,https://worldathletics.org/results/olympic-games/2024/the-xxxiii-olympic-games-7087/women/hammer-throw/final/series#resultheader,,
20:07,W,400 Metres Hurdles,Semi-Final,https://worldathletics.org/results/olympic-games/2024/the-xxxiii-olympic-games-7087/women/400-metres-hurdles/semi-final/startlist#resultheader,https://worldathletics.org/results/olympic-games/2024/the-xxxiii-olympic-games-7087/women/400-metres-hurdles/semi-final/result#resultheader,https://worldathletics.org/results/olympic-games/2024/the-xxxiii-olympic-games-7087/women/400-metres-hurdles/semi-final/summary#resultheader,
20:15,M,Long Jump,Final,https://worldathletics.org/results/olympic-games/2024/the-xxxiii-olympic-games-7087/men/long-jump/final/startlist#resultheader,https://worldathletics.org/results/olympic-games/2024/the-xxxiii-olympic-games-7087/men/long-jump/final/series#resultheader,,
20:50,M,1500 Metres,Final,https://worldathletics.org/results/olympic-games/2024/the-xxxiii-olympic-games-7087/men/1500-metres/final/startlist#resultheader,https://worldathletics.org/results/olympic-games/2024/the-xxxiii-olympic-games-7087/men/1500-metres/final/result#resultheader,,
21:14,W,3000 Metres Steeplechase,Final,https://worldathletics.org/results/olympic-games/2024/the-xxxiii-olympic-games-7087/women/3000-metres-steeplechase/final/startlist#resultheader,https://worldathletics.org/results/olympic-games/2024/the-xxxiii-olympic-games-7087/women/3000-metres-steeplechase/final/result#resultheader,,
21:40,W,200 Metres,Final,https://worldathletics.org/results/olympic-games/2024/the-xxxiii-olympic-games-7087/women/200-metres/final/startlist#resultheader,https://worldathletics.org/results/olympic-games/2024/the-xxxiii-olympic-games-7087/women/200-metres/final/result#resultheader,,
07:30,X,Marathon Race Walk Mixed Relay,Final,https://worldathletics.org/results/olympic-games/2024/the-xxxiii-olympic-games-7087/mixed/marathon-race-walk-mixed-relay/final/startlist#resultheader,https://worldathletics.org/results/olympic-games/2024/the-xxxiii-olympic-games-7087/mixed/marathon-race-walk-mixed-relay/final/result#resultheader,,
10:05,M,High Jump,Qualification,https://worldathletics.org/results/olympic-games/2024/the-xxxiii-olympic-games-7087/men/high-jump/qualification/startlist#resultheader,https://worldathletics.org/results/olympic-games/2024/the-xxxiii-olympic-games-7087/men/high-jump/qualification/series#resultheader,https://worldathletics.org/results/olympic-games/2024/the-xxxiii-olympic-games-7087/men/high-jump/qualification/summary#resultheader,
10:15,W,100 Metres Hurdles,Heats,https://worldathletics.org/results/olympic-games/2024/the-xxxiii-olympic-games-7087/women/100-metres-hurdles/heats/startlist#resultheader,https://worldathletics.org/results/olympic-games/2024/the-xxxiii-olympic-games-7087/women/100-metres-hurdles/heats/result#resultheader,https://worldathletics.org/results/olympic-games/2024/the-xxxiii-olympic-games-7087/women/100-metres-hurdles/heats/summary#resultheader,
10:25,W,Javelin Throw,Qualification Group A,https://worldathletics.org/results/olympic-games/2024/the-xxxiii-olympic-games-7087/women/javelin-throw/qualification/startlist#A,https://worldathletics.org/results/olympic-games/2024/the-xxxiii-olympic-games-7087/women/javelin-throw/qualification/series#A,https://worldathletics.org/results/olympic-games/2024/the-xxxiii-olympic-games-7087/women/javelin-throw/qualification/summary#resultheader,
11:10,M,5000 Metres,Heats,https://worldathletics.org/results/olympic-games/2024/the-xxxiii-olympic-games-7087/men/5000-metres/heats/startlist#resultheader,https://worldathletics.org/results/olympic-games/2024/the-xxxiii-olympic-games-7087/men/5000-metres/heats/result#resultheader,https://worldathletics.org/results/olympic-games/2024/the-xxxiii-olympic-games-7087/men/5000-metres/heats/summary#resultheader,
11:50,W,Javelin Throw,Qualification Group B,https://worldathletics.org/results/olympic-games/2024/the-xxxiii-olympic-games-7087/women/javelin-throw/qualification/startlist#B,https://worldathletics.org/results/olympic-games/2024/the-xxxiii-olympic-games-7087/women/javelin-throw/qualification/series#B,https://worldathletics.org/results/olympic-games/2024/the-xxxiii-olympic-games-7087/women/javelin-throw/qualification/summary#resultheader,
11:55,M,800 Metres,Heats,https://worldathletics.org/results/olympic-games/2024/the-xxxiii-olympic-games-7087/men/800-metres/heats/startlist#resultheader,https://worldathletics.org/results/olympic-games/2024/the-xxxiii-olympic-games-7087/men/800-metres/heats/result#resultheader,https://worldathletics.org/results/olympic-games/2024/the-xxxiii-olympic-games-7087/men/800-metres/heats/summary#resultheader,
12:45,W,1500 Metres,Repechage Round,https://worldathletics.org/results/olympic-games/2024/the-xxxiii-olympic-games-7087/women/1500-metres/repechage-round/startlist#resultheader,https://worldathletics.org/results/olympic-games/2024/the-xxxiii-olympic-games-7087/women/1500-metres/repechage-round/result#resultheader,https://worldathletics.org/results/olympic-games/2024/the-xxxiii-olympic-games-7087/women/1500-metres/repechage-round/summary#resultheader,
18:15,W,Pole Vault,Final,https://worldathletics.org/results/olympic-games/2024/the-xxxiii-olympic-games-7087/women/pole-vault/final/startlist#resultheader,https://worldathletics.org/results/olympic-games/2024/the-xxxiii-olympic-games-7087/women/pole-vault/final/series#resultheader,,
19:05,M,110 Metres Hurdles,Semi-Final,https://worldathletics.org/results/olympic-games/2024/the-xxxiii-olympic-games-7087/men/110-metres-hurdles/semi-final/startlist#resultheader,https://worldathletics.org/results/olympic-games/2024/the-xxxiii-olympic-games-7087/men/110-metres-hurdles/semi-final/result#resultheader,https://worldathletics.org/results/olympic-games/2024/the-xxxiii-olympic-games-7087/men/110-metres-hurdles/semi-final/summary#resultheader,
19:15,M,Triple Jump,Qualification,https://worldathletics.org/results/olympic-games/2024/the-xxxiii-olympic-games-7087/men/triple-jump/qualification/startlist#resultheader,https://worldathletics.org/results/olympic-games/2024/the-xxxiii-olympic-games-7087/men/triple-jump/qualification/series#resultheader,https://worldathletics.org/results/olympic-games/2024/the-xxxiii-olympic-games-7087/men/triple-jump/qualification/summary#resultheader,
19:35,M,400 Metres Hurdles,Semi-Final,https://worldathletics.org/results/olympic-games/2024/the-xxxiii-olympic-games-7087/men/400-metres-hurdles/semi-final/startlist#resultheader,https://worldathletics.org/results/olympic-games/2024/the-xxxiii-olympic-games-7087/men/400-metres-hurdles/semi-final/result#resultheader,https://worldathletics.org/results/olympic-games/2024/the-xxxiii-olympic-games-7087/men/400-metres-hurdles/semi-final/summary#resultheader,
20:02,M,200 Metres,Semi-Final,https://worldathletics.org/results/olympic-games/2024/the-xxxiii-olympic-games-7087/men/200-metres/semi-final/startlist#resultheader,https://worldathletics.org/results/olympic-games/2024/the-xxxiii-olympic-games-7087/men/200-metres/semi-final/result#resultheader,https://worldathletics.org/results/olympic-games/2024/the-xxxiii-olympic-games-7087/men/200-metres/semi-final/summary#resultheader,
20:25,M,Discus Throw,Final,https://worldathletics.org/results/olympic-games/2024/the-xxxiii-olympic-games-7087/men/discus-throw/final/startlist#resultheader,https://worldathletics.org/results/olympic-games/2024/the-xxxiii-olympic-games-7087/men/discus-throw/final/series#resultheader,,
20:45,W,400 Metres,Semi-Final,https://worldathletics.org/results/olympic-games/2024/the-xxxiii-olympic-games-7087/women/400-metres/semi-final/startlist#resultheader,https://worldathletics.org/results/olympic-games/2024/the-xxxiii-olympic-games-7087/women/400-metres/semi-final/result#resultheader,https://worldathletics.org/results/olympic-games/2024/the-xxxiii-olympic-games-7087/women/400-metres/semi-final/summary#resultheader,
21:20,M,400 Metres,Final,https://worldathletics.org/results/olympic-games/2024/the-xxxiii-olympic-games-7087/men/400-metres/final/startlist#resultheader,https://worldathletics.org/results/olympic-games/2024/the-xxxiii-olympic-games-7087/men/400-metres/final/result#resultheader,,
21:43,M,3000 Metres Steeplechase,Final,https://worldathletics.org/results/olympic-games/2024/the-xxxiii-olympic-games-7087/men/3000-metres-steeplechase/final/startlist#resultheader,https://worldathletics.org/results/olympic-games/2024/the-xxxiii-olympic-games-7087/men/3000-metres-steeplechase/final/result#resultheader,,
10:05,W,100 Metres Hurdles,Heptathlon,https://worldathletics.org/results/olympic-games/2024/the-xxxiii-olympic-games-7087/women/heptathlon/100-metres-hurdles/startlist#resultheader,https://worldathletics.org/results/olympic-games/2024/the-xxxiii-olympic-games-7087/women/heptathlon/100-metres-hurdles/result#resultheader,https://worldathletics.org/results/olympic-games/2024/the-xxxiii-olympic-games-7087/women/heptathlon/100-metres-hurdles/summary#resultheader,https://worldathletics.org/results/olympic-games/2024/the-xxxiii-olympic-games-7087/women/heptathlon/100-metres-hurdles/points#resultheader
10:25,W,Shot Put,Qualification,https://worldathletics.org/results/olympic-games/2024/the-xxxiii-olympic-games-7087/women/shot-put/qualification/startlist#resultheader,https://worldathletics.org/results/olympic-games/2024/the-xxxiii-olympic-games-7087/women/shot-put/qualification/series#resultheader,https://worldathletics.org/results/olympic-games/2024/the-xxxiii-olympic-games-7087/women/shot-put/qualification/summary#resultheader,
10:35,W,100 Metres Hurdles,Repechage Round,https://worldathletics.org/results/olympic-games/2024/the-xxxiii-olympic-games-7087/women/100-metres-hurdles/repechage-round/startlist#resultheader,https://worldathletics.org/results/olympic-games/2024/the-xxxiii-olympic-games-7087/women/100-metres-hurdles/repechage-round/result#resultheader,https://worldathletics.org/results/olympic-games/2024/the-xxxiii-olympic-games-7087/women/100-metres-hurdles/repechage-round/summary#resultheader,
11:05,W,High Jump,Heptathlon,https://worldathletics.org/results/olympic-games/2024/the-xxxiii-olympic-games-7087/women/heptathlon/high-jump/startlist#resultheader,https://worldathletics.org/results/olympic-games/2024/the-xxxiii-olympic-games-7087/women/heptathlon/high-jump/series#resultheader,https://worldathletics.org/results/olympic-games/2024/the-xxxiii-olympic-games-7087/women/heptathlon/high-jump/summary#resultheader,https://worldathletics.org/results/olympic-games/2024/the-xxxiii-olympic-games-7087/women/heptathlon/high-jump/points#resultheader
11:10,W,4x100 Metres Relay,Heats,https://worldathletics.org/results/olympic-games/2024/the-xxxiii-olympic-games-7087/women/4x100-metres-relay/heats/startlist#resultheader,https://worldathletics.org/results/olympic-games/2024/the-xxxiii-olympic-games-7087/women/4x100-metres-relay/heats/result#resultheader,https://worldathletics.org/results/olympic-games/2024/the-xxxiii-olympic-games-7087/women/4x100-metres-relay/heats/summary#resultheader,
11:35,M,4x100 Metres Relay,Heats,https://worldathletics.org/results/olympic-games/2024/the-xxxiii-olympic-games-7087/men/4x100-metres-relay/heats/startlist#resultheader,https://worldathletics.org/results/olympic-games/2024/the-xxxiii-olympic-games-7087/men/4x100-metres-relay/heats/result#resultheader,https://worldathletics.org/results/olympic-games/2024/the-xxxiii-olympic-games-7087/men/4x100-metres-relay/heats/summary#resultheader,
12:00,M,800 Metres,Repechage Round,https://worldathletics.org/results/olympic-games/2024/the-xxxiii-olympic-games-7087/men/800-metres/repechage-round/startlist#resultheader,https://worldathletics.org/results/olympic-games/2024/the-xxxiii-olympic-games-7087/men/800-metres/repechage-round/result#resultheader,https://worldathletics.org/results/olympic-games/2024/the-xxxiii-olympic-games-7087/men/800-metres/repechage-round/summary#resultheader,
19:35,W,1500 Metres,Semi-Final,https://worldathletics.org/results/olympic-games/2024/the-xxxiii-olympic-games-7087/women/1500-metres/semi-final/startlist#resultheader,https://worldathletics.org/results/olympic-games/2024/the-xxxiii-olympic-games-7087/women/1500-metres/semi-final/result#resultheader,https://worldathletics.org/results/olympic-games/2024/the-xxxiii-olympic-games-7087/women/1500-metres/semi-final/summary#resultheader,
19:35,W,Shot Put,Heptathlon,https://worldathletics.org/results/olympic-games/2024/the-xxxiii-olympic-games-7087/women/heptathlon/shot-put/startlist#resultheader,https://worldathletics.org/results/olympic-games/2024/the-xxxiii-olympic-games-7087/women/heptathlon/shot-put/series#resultheader,https://worldathletics.org/results/olympic-games/2024/the-xxxiii-olympic-games-7087/women/heptathlon/shot-put/summary#resultheader,https://worldathletics.org/results/olympic-games/2024/the-xxxiii-olympic-games-7087/women/heptathlon/shot-put/points#resultheader
20:00,W,Long Jump,Final,https://worldathletics.org/results/olympic-games/2024/the-xxxiii-olympic-games-7087/women/long-jump/final/startlist#resultheader,https://worldathletics.org/results/olympic-games/2024/the-xxxiii-olympic-games-7087/women/long-jump/final/series#resultheader,,
20:25,M,Javelin Throw,Final,https://worldathletics.org/results/olympic-games/2024/the-xxxiii-olympic-games-7087/men/javelin-throw/final/startlist#resultheader,https://worldathletics.org/results/olympic-games/2024/the-xxxiii-olympic-games-7087/men/javelin-throw/final/series#resultheader,,
20:30,M,200 Metres,Final,https://worldathletics.org/results/olympic-games/2024/the-xxxiii-olympic-games-7087/men/200-metres/final/startlist#resultheader,https://worldathletics.org/results/olympic-games/2024/the-xxxiii-olympic-games-7087/men/200-metres/final/result#resultheader,,
20:55,W,200 Metres,Heptathlon,https://worldathletics.org/results/olympic-games/2024/the-xxxiii-olympic-games-7087/women/heptathlon/200-metres/startlist#resultheader,https://worldathletics.org/results/olympic-games/2024/the-xxxiii-olympic-games-7087/women/heptathlon/200-metres/result#resultheader,https://worldathletics.org/results/olympic-games/2024/the-xxxiii-olympic-games-7087/women/heptathlon/200-metres/summary#resultheader,https://worldathletics.org/results/olympic-games/2024/the-xxxiii-olympic-games-7087/women/heptathlon/200-metres/points#resultheader
21:25,W,400 Metres Hurdles,Final,https://worldathletics.org/results/olympic-games/2024/the-xxxiii-olympic-games-7087/women/400-metres-hurdles/final/startlist#resultheader,https://worldathletics.org/results/olympic-games/2024/the-xxxiii-olympic-games-7087/women/400-metres-hurdles/final/result#resultheader,,
21:45,M,110 Metres Hurdles,Final,https://worldathletics.org/results/olympic-games/2024/the-xxxiii-olympic-games-7087/men/110-metres-hurdles/final/startlist#resultheader,https://worldathletics.org/results/olympic-games/2024/the-xxxiii-olympic-games-7087/men/110-metres-hurdles/final/result#resultheader,,
10:05,W,Long Jump,Heptathlon,https://worldathletics.org/results/olympic-games/2024/the-xxxiii-olympic-games-7087/women/heptathlon/long-jump/startlist#resultheader,https://worldathletics.org/results/olympic-games/2024/the-xxxiii-olympic-games-7087/women/heptathlon/long-jump/series#resultheader,https://worldathletics.org/results/olympic-games/2024/the-xxxiii-olympic-games-7087/women/heptathlon/long-jump/summary#resultheader,https://worldathletics.org/results/olympic-games/2024/the-xxxiii-olympic-games-7087/women/heptathlon/long-jump/points#resultheader
10:40,W,4x400 Metres Relay,Heats,https://worldathletics.org/results/olympic-games/2024/the-xxxiii-olympic-games-7087/women/4x400-metres-relay/heats/startlist#resultheader,https://worldathletics.org/results/olympic-games/2024/the-xxxiii-olympic-games-7087/women/4x400-metres-relay/heats/result#resultheader,https://worldathletics.org/results/olympic-games/2024/the-xxxiii-olympic-games-7087/women/4x400-metres-relay/heats/summary#resultheader,
11:05,M,4x400 Metres Relay,Heats,https://worldathletics.org/results/olympic-games/2024/the-xxxiii-olympic-games-7087/men/4x400-metres-relay/heats/startlist#resultheader,https://worldathletics.org/results/olympic-games/2024/the-xxxiii-olympic-games-7087/men/4x400-metres-relay/heats/result#resultheader,https://worldathletics.org/results/olympic-games/2024/the-xxxiii-olympic-games-7087/men/4x400-metres-relay/heats/summary#resultheader,
11:23,W,Javelin Throw,Heptathlon Group A,https://worldathletics.org/results/olympic-games/2024/the-xxxiii-olympic-games-7087/women/heptathlon/javelin-throw/startlist#A,https://worldathletics.org/results/olympic-games/2024/the-xxxiii-olympic-games-7087/women/heptathlon/javelin-throw/series#A,https://worldathletics.org/results/olympic-games/2024/the-xxxiii-olympic-games-7087/women/heptathlon/javelin-throw/summary#resultheader,https://worldathletics.org/results/olympic-games/2024/the-xxxiii-olympic-games-7087/women/heptathlon/javelin-throw/points#resultheader
11:30,M,800 Metres,Semi-Final,https://worldathletics.org/results/olympic-games/2024/the-xxxiii-olympic-games-7087/men/800-metres/semi-final/startlist#resultheader,https://worldathletics.org/results/olympic-games/2024/the-xxxiii-olympic-games-7087/men/800-metres/semi-final/result#resultheader,https://worldathletics.org/results/olympic-games/2024/the-xxxiii-olympic-games-7087/men/800-metres/semi-final/summary#resultheader,
12:05,W,100 Metres Hurdles,Semi-Final,https://worldathletics.org/results/olympic-games/2024/the-xxxiii-olympic-games-7087/women/100-metres-hurdles/semi-final/startlist#resultheader,https://worldathletics.org/results/olympic-games/2024/the-xxxiii-olympic-games-7087/women/100-metres-hurdles/semi-final/result#resultheader,https://worldathletics.org/results/olympic-games/2024/the-xxxiii-olympic-games-7087/women/100-metres-hurdles/semi-final/summary#resultheader,
12:32,W,Javelin Throw,Heptathlon Group B,https://worldathletics.org/results/olympic-games/2024/the-xxxiii-olympic-games-7087/women/heptathlon/javelin-throw/startlist#B,https://worldathletics.org/results/olympic-games/2024/the-xxxiii-olympic-games-7087/women/heptathlon/javelin-throw/series#B,https://worldathletics.org/results/olympic-games/2024/the-xxxiii-olympic-games-7087/women/heptathlon/javelin-throw/summary#resultheader,https://worldathletics.org/results/olympic-games/2024/the-xxxiii-olympic-games-7087/women/heptathlon/javelin-throw/points#resultheader
19:30,W,4x100 Metres Relay,Final,https://worldathletics.org/results/olympic-games/2024/the-xxxiii-olympic-games-7087/women/4x100-metres-relay/final/startlist#resultheader,https://worldathletics.org/results/olympic-games/2024/the-xxxiii-olympic-games-7087/women/4x100-metres-relay/final/result#resultheader,,
19:37,W,Shot Put,Final,https://worldathletics.org/results/olympic-games/2024/the-xxxiii-olympic-games-7087/women/shot-put/final/startlist#resultheader,https://worldathletics.org/results/olympic-games/2024/the-xxxiii-olympic-games-7087/women/shot-put/final/series#resultheader,,
19:47,M,4x100 Metres Relay,Final,https://worldathletics.org/results/olympic-games/2024/the-xxxiii-olympic-games-7087/men/4x100-metres-relay/final/startlist#resultheader,https://worldathletics.org/results/olympic-games/2024/the-xxxiii-olympic-games-7087/men/4x100-metres-relay/final/result#resultheader,,
20:00,W,400 Metres,Final,https://worldathletics.org/results/olympic-games/2024/the-xxxiii-olympic-games-7087/women/400-metres/final/startlist#resultheader,https://worldathletics.org/results/olympic-games/2024/the-xxxiii-olympic-games-7087/women/400-metres/final/result#resultheader,,
20:13,M,Triple Jump,Final,https://worldathletics.org/results/olympic-games/2024/the-xxxiii-olympic-games-7087/men/triple-jump/final/startlist#resultheader,https://worldathletics.org/results/olympic-games/2024/the-xxxiii-olympic-games-7087/men/triple-jump/final/series#resultheader,,
20:25,W,800 Metres,Heptathlon,https://worldathletics.org/results/olympic-games/2024/the-xxxiii-olympic-games-7087/women/heptathlon/800-metres/startlist#resultheader,https://worldathletics.org/results/olympic-games/2024/the-xxxiii-olympic-games-7087/women/heptathlon/800-metres/result#resultheader,https://worldathletics.org/results/olympic-games/2024/the-xxxiii-olympic-games-7087/women/heptathlon/800-metres/summary#resultheader,https://worldathletics.org/results/olympic-games/2024/the-xxxiii-olympic-games-7087/women/heptathlon/800-metres/points#resultheader
20:57,W,"10,000 Metres",Final,https://worldathletics.org/results/olympic-games/2024/the-xxxiii-olympic-games-7087/women/10000-metres/final/startlist#resultheader,https://worldathletics.org/results/olympic-games/2024/the-xxxiii-olympic-games-7087/women/10000-metres/final/result#resultheader,,
21:45,M,400 Metres Hurdles,Final,https://worldathletics.org/results/olympic-games/2024/the-xxxiii-olympic-games-7087/men/400-metres-hurdles/final/startlist#resultheader,https://worldathletics.org/results/olympic-games/2024/the-xxxiii-olympic-games-7087/men/400-metres-hurdles/final/result#resultheader,,
08:00,M,Marathon,Final,https://worldathletics.org/results/olympic-games/2024/the-xxxiii-olympic-games-7087/men/marathon/final/startlist#resultheader,https://worldathletics.org/results/olympic-games/2024/the-xxxiii-olympic-games-7087/men/marathon/final/result#resultheader,,
19:00,M,High Jump,Final,https://worldathletics.org/results/olympic-games/2024/the-xxxiii-olympic-games-7087/men/high-jump/final/startlist#resultheader,https://worldathletics.org/results/olympic-games/2024/the-xxxiii-olympic-games-7087/men/high-jump/final/series#resultheader,,
19:15,M,800 Metres,Final,https://worldathletics.org/results/olympic-games/2024/the-xxxiii-olympic-games-7087/men/800-metres/final/startlist#resultheader,https://worldathletics.org/results/olympic-games/2024/the-xxxiii-olympic-games-7087/men/800-metres/final/result#resultheader,,
19:30,W,Javelin Throw,Final,https://worldathletics.org/results/olympic-games/2024/the-xxxiii-olympic-games-7087/women/javelin-throw/final/startlist#resultheader,https://worldathletics.org/results/olympic-games/2024/the-xxxiii-olympic-games-7087/women/javelin-throw/final/series#resultheader,,
19:35,W,100 Metres Hurdles,Final,https://worldathletics.org/results/olympic-games/2024/the-xxxiii-olympic-games-7087/women/100-metres-hurdles/final/startlist#resultheader,https://worldathletics.org/results/olympic-games/2024/the-xxxiii-olympic-games-7087/women/100-metres-hurdles/final/result#resultheader,,
19:50,M,5000 Metres,Final,https://worldathletics.org/results/olympic-games/2024/the-xxxiii-olympic-games-7087/men/5000-metres/final/startlist#resultheader,https://worldathletics.org/results/olympic-games/2024/the-xxxiii-olympic-games-7087/men/5000-metres/final/result#resultheader,,
20:15,W,1500 Metres,Final,https://worldathletics.org/results/olympic-games/2024/the-xxxiii-olympic-games-7087/women/1500-metres/final/startlist#resultheader,https://worldathletics.org/results/olympic-games/2024/the-xxxiii-olympic-games-7087/women/1500-metres/final/result#resultheader,,
21:00,M,4x400 Metres Relay,Final,https://worldathletics.org/results/olympic-games/2024/the-xxxiii-olympic-games-7087/men/4x400-metres-relay/final/startlist#resultheader,https://worldathletics.org/results/olympic-games/2024/the-xxxiii-olympic-games-7087/men/4x400-metres-relay/final/result#resultheader,,
21:14,W,4x400 Metres Relay,Final,https://worldathletics.org/results/olympic-games/2024/the-xxxiii-olympic-games-7087/women/4x400-metres-relay/final/startlist#resultheader,https://worldathletics.org/results/olympic-games/2024/the-xxxiii-olympic-games-7087/women/4x400-metres-relay/final/result#resultheader,,
08:00,W,Marathon,Final,https://worldathletics.org/results/olympic-games/2024/the-xxxiii-olympic-games-7087/women/marathon/final/startlist#resultheader,https://worldathletics.org/results/olympic-games/2024/the-xxxiii-olympic-games-7087/women/marathon/final/result#resultheader,,
