Operation,Database,ElapsedUs,EntityType,EntityCount,Scale
AddManyAsync,PostgreSQL,72726,Athlete,1728,1
AddManyAsync,MongoDB,142936,Athlete,1728,1
AddManyAsync,PostgreSQL,29378,Event,139,1
AddManyAsync,MongoDB,27403,Event,139,1
AddManyAsync,PostgreSQL,248712,Result,3550,1
AddManyAsync,MongoDB,209373,Result,3550,1
GetByIdAsync,PostgreSQL,23774,Athlete,1,1
GetByIdAsync,MongoDB,74153,Athlete,1,1
GetByIdAsync,PostgreSQL,5022,Event,1,1
GetByIdAsync,MongoDB,8970,Event,1,1
GetByIdAsync,PostgreSQL,4966,Result,1,1
GetByIdAsync,MongoDB,6485,Result,1,1
GetAllAsync,PostgreSQL,13550,Athlete,1728,1
GetAllAsync,MongoDB,44829,Athlete,1728,1
GetAllAsync,PostgreSQL,5534,Event,139,1
GetAllAsync,MongoDB,8300,Event,139,1
GetAllAsync,PostgreSQL,16621,Result,3550,1
GetAllAsync,MongoDB,197510,Result,3550,1
UpdateAsync,PostgreSQL,6438,Athlete,1,1
UpdateAsync,MongoDB,21710,Athlete,1,1
UpdateAsync,PostgreSQL,7169,Event,1,1
UpdateAsync,MongoDB,7892,Event,1,1
UpdateAsync,PostgreSQL,4342,Result,1,1
UpdateAsync,MongoDB,3390,Result,1,1
DeleteAsync,PostgreSQL,3864,Result,1,1
DeleteAsync,MongoDB,13767,Result,1,1
DeleteAsync,PostgreSQL,4512,Athlete,1,1
DeleteAsync,MongoDB,2006,Athlete,1,1
DeleteAsync,PostgreSQL,4291,Event,1,1
DeleteAsync,MongoDB,1869,Event,1,1
DeleteAllAsync,PostgreSQL,18550,Result,3501,1
DeleteAllAsync,MongoDB,83023,Result,3549,1
DeleteAllAsync,PostgreSQL,44154,Athlete,1727,1
DeleteAllAsync,MongoDB,41235,Athlete,1727,1
DeleteAllAsync,PostgreSQL,7047,Event,138,1
DeleteAllAsync,MongoDB,3803,Event,138,1
AddManyAsync,PostgreSQL,74953,Athlete,1728,1
AddManyAsync,MongoDB,120603,Athlete,1728,1
AddManyAsync,PostgreSQL,16002,Event,139,1
AddManyAsync,MongoDB,17750,Event,139,1
AddManyAsync,PostgreSQL,142609,Result,3550,1
AddManyAsync,MongoDB,113260,Result,3550,1
GetByIdAsync,PostgreSQL,12470,Athlete,1,1
GetByIdAsync,MongoDB,38669,Athlete,1,1
GetByIdAsync,PostgreSQL,3456,Event,1,1
GetByIdAsync,MongoDB,4688,Event,1,1
GetByIdAsync,PostgreSQL,3261,Result,1,1
GetByIdAsync,MongoDB,4535,Result,1,1
GetAllAsync,PostgreSQL,12881,Athlete,1728,1
GetAllAsync,MongoDB,22630,Athlete,1728,1
GetAllAsync,PostgreSQL,3506,Event,139,1
GetAllAsync,MongoDB,3404,Event,139,1
GetAllAsync,PostgreSQL,8915,Result,3550,1
GetAllAsync,MongoDB,87858,Result,3550,1
UpdateAsync,PostgreSQL,3088,Athlete,1,1
UpdateAsync,MongoDB,9311,Athlete,1,1
UpdateAsync,PostgreSQL,2943,Event,1,1
UpdateAsync,MongoDB,1446,Event,1,1
UpdateAsync,PostgreSQL,2981,Result,1,1
UpdateAsync,MongoDB,1593,Result,1,1
DeleteAsync,PostgreSQL,2623,Result,1,1
DeleteAsync,MongoDB,6872,Result,1,1
DeleteAsync,PostgreSQL,3076,Athlete,1,1
DeleteAsync,MongoDB,1359,Athlete,1,1
DeleteAsync,PostgreSQL,3099,Event,1,1
DeleteAsync,MongoDB,1246,Event,1,1
DeleteAllAsync,PostgreSQL,10063,Result,3501,1
DeleteAllAsync,MongoDB,25573,Result,3549,1
DeleteAllAsync,PostgreSQL,20936,Athlete,1727,1
DeleteAllAsync,MongoDB,10964,Athlete,1727,1
DeleteAllAsync,PostgreSQL,4448,Event,138,1
DeleteAllAsync,MongoDB,2199,Event,138,1
AddManyAsync,PostgreSQL,82561,Athlete,1728,1
AddManyAsync,MongoDB,116786,Athlete,1728,1
AddManyAsync,PostgreSQL,15306,Event,139,1
AddManyAsync,MongoDB,18403,Event,139,1
AddManyAsync,PostgreSQL,122997,Result,3550,1
AddManyAsync,MongoDB,100642,Result,3550,1
GetByIdAsync,PostgreSQL,12736,Athlete,1,1
GetByIdAsync,MongoDB,39268,Athlete,1,1
GetByIdAsync,PostgreSQL,3323,Event,1,1
GetByIdAsync,MongoDB,4410,Event,1,1
GetByIdAsync,PostgreSQL,3386,Result,1,1
GetByIdAsync,MongoDB,4487,Result,1,1
GetAllAsync,PostgreSQL,6613,Athlete,1728,1
GetAllAsync,MongoDB,21507,Athlete,1728,1
GetAllAsync,PostgreSQL,3032,Event,139,1
GetAllAsync,MongoDB,2853,Event,139,1
GetAllAsync,PostgreSQL,8510,Result,3550,1
GetAllAsync,MongoDB,88528,Result,3550,1
UpdateAsync,PostgreSQL,3177,Athlete,1,1
UpdateAsync,MongoDB,9798,Athlete,1,1
UpdateAsync,PostgreSQL,3066,Event,1,1
UpdateAsync,MongoDB,1674,Event,1,1
UpdateAsync,PostgreSQL,2851,Result,1,1
UpdateAsync,MongoDB,1821,Result,1,1
DeleteAsync,PostgreSQL,2786,Result,1,1
DeleteAsync,MongoDB,6803,Result,1,1
DeleteAsync,PostgreSQL,3030,Athlete,1,1
DeleteAsync,MongoDB,1393,Athlete,1,1
DeleteAsync,PostgreSQL,2952,Event,1,1
DeleteAsync,MongoDB,1164,Event,1,1
DeleteAllAsync,PostgreSQL,11203,Result,3501,1
DeleteAllAsync,MongoDB,25255,Result,3549,1
DeleteAllAsync,PostgreSQL,21257,Athlete,1727,1
DeleteAllAsync,MongoDB,10968,Athlete,1727,1
DeleteAllAsync,PostgreSQL,4762,Event,138,1
DeleteAllAsync,MongoDB,2138,Event,138,1
AddManyAsync,PostgreSQL,73518,Athlete,1728,1
AddManyAsync,MongoDB,115228,Athlete,1728,1
AddManyAsync,PostgreSQL,17416,Event,139,1
AddManyAsync,MongoDB,16690,Event,139,1
AddManyAsync,PostgreSQL,120986,Result,3550,1
AddManyAsync,MongoDB,96885,Result,3550,1
GetByIdAsync,PostgreSQL,12960,Athlete,1,1
GetByIdAsync,MongoDB,38802,Athlete,1,1
GetByIdAsync,PostgreSQL,3399,Event,1,1
GetByIdAsync,MongoDB,5384,Event,1,1
GetByIdAsync,PostgreSQL,3357,Result,1,1
GetByIdAsync,MongoDB,4139,Result,1,1
GetAllAsync,PostgreSQL,6290,Athlete,1728,1
GetAllAsync,MongoDB,21684,Athlete,1728,1
GetAllAsync,PostgreSQL,3193,Event,139,1
GetAllAsync,MongoDB,3060,Event,139,1
GetAllAsync,PostgreSQL,8792,Result,3550,1
GetAllAsync,MongoDB,90342,Result,3550,1
UpdateAsync,PostgreSQL,3019,Athlete,1,1
UpdateAsync,MongoDB,9355,Athlete,1,1
UpdateAsync,PostgreSQL,2890,Event,1,1
UpdateAsync,MongoDB,1457,Event,1,1
UpdateAsync,PostgreSQL,2758,Result,1,1
UpdateAsync,MongoDB,1688,Result,1,1
DeleteAsync,PostgreSQL,2754,Result,1,1
DeleteAsync,MongoDB,7280,Result,1,1
DeleteAsync,PostgreSQL,2982,Athlete,1,1
DeleteAsync,MongoDB,1205,Athlete,1,1
DeleteAsync,PostgreSQL,2874,Event,1,1
DeleteAsync,MongoDB,1167,Event,1,1
DeleteAllAsync,PostgreSQL,8833,Result,3501,1
DeleteAllAsync,MongoDB,25830,Result,3549,1
DeleteAllAsync,PostgreSQL,21856,Athlete,1727,1
DeleteAllAsync,MongoDB,11753,Athlete,1727,1
DeleteAllAsync,PostgreSQL,4952,Event,138,1
DeleteAllAsync,MongoDB,2920,Event,138,1
AddManyAsync,PostgreSQL,73557,Athlete,1728,1
AddManyAsync,MongoDB,114578,Athlete,1728,1
AddManyAsync,PostgreSQL,15669,Event,139,1
AddManyAsync,MongoDB,16543,Event,139,1
AddManyAsync,PostgreSQL,119787,Result,3550,1
AddManyAsync,MongoDB,102760,Result,3550,1
GetByIdAsync,PostgreSQL,12018,Athlete,1,1
GetByIdAsync,MongoDB,42145,Athlete,1,1
GetByIdAsync,PostgreSQL,3266,Event,1,1
GetByIdAsync,MongoDB,4618,Event,1,1
GetByIdAsync,PostgreSQL,3224,Result,1,1
GetByIdAsync,MongoDB,5626,Result,1,1
GetAllAsync,PostgreSQL,6634,Athlete,1728,1
GetAllAsync,MongoDB,32271,Athlete,1728,1
GetAllAsync,PostgreSQL,3886,Event,139,1
GetAllAsync,MongoDB,2912,Event,139,1
GetAllAsync,PostgreSQL,8696,Result,3550,1
GetAllAsync,MongoDB,94408,Result,3550,1
UpdateAsync,PostgreSQL,3315,Athlete,1,1
UpdateAsync,MongoDB,9635,Athlete,1,1
UpdateAsync,PostgreSQL,3031,Event,1,1
UpdateAsync,MongoDB,1673,Event,1,1
UpdateAsync,PostgreSQL,2845,Result,1,1
UpdateAsync,MongoDB,1782,Result,1,1
DeleteAsync,PostgreSQL,2795,Result,1,1
DeleteAsync,MongoDB,7348,Result,1,1
DeleteAsync,PostgreSQL,3191,Athlete,1,1
DeleteAsync,MongoDB,1251,Athlete,1,1
DeleteAsync,PostgreSQL,2800,Event,1,1
DeleteAsync,MongoDB,2079,Event,1,1
DeleteAllAsync,PostgreSQL,10304,Result,3501,1
DeleteAllAsync,MongoDB,27534,Result,3549,1
DeleteAllAsync,PostgreSQL,20943,Athlete,1727,1
DeleteAllAsync,MongoDB,11065,Athlete,1727,1
DeleteAllAsync,PostgreSQL,4486,Event,138,1
DeleteAllAsync,MongoDB,1991,Event,138,1
AddManyAsync,PostgreSQL,166085,Athlete,8640,5
AddManyAsync,MongoDB,167051,Athlete,8640,5
AddManyAsync,PostgreSQL,45356,Event,695,5
AddManyAsync,MongoDB,26456,Event,695,5
AddManyAsync,PostgreSQL,512731,Result,17750,5
AddManyAsync,MongoDB,525845,Result,17750,5
GetByIdAsync,PostgreSQL,13213,Athlete,1,5
GetByIdAsync,MongoDB,39541,Athlete,1,5
GetByIdAsync,PostgreSQL,3427,Event,1,5
GetByIdAsync,MongoDB,4883,Event,1,5
GetByIdAsync,PostgreSQL,3437,Result,1,5
GetByIdAsync,MongoDB,5044,Result,1,5
GetAllAsync,PostgreSQL,19833,Athlete,8640,5
GetAllAsync,MongoDB,76637,Athlete,8640,5
GetAllAsync,PostgreSQL,6497,Event,695,5
GetAllAsync,MongoDB,11222,Event,695,5
GetAllAsync,PostgreSQL,46017,Result,17750,5
GetAllAsync,MongoDB,423988,Result,17750,5
UpdateAsync,PostgreSQL,3371,Athlete,1,5
UpdateAsync,MongoDB,9961,Athlete,1,5
UpdateAsync,PostgreSQL,2956,Event,1,5
UpdateAsync,MongoDB,1860,Event,1,5
UpdateAsync,PostgreSQL,2919,Result,1,5
UpdateAsync,MongoDB,1533,Result,1,5
DeleteAsync,PostgreSQL,3058,Result,1,5
DeleteAsync,MongoDB,6953,Result,1,5
DeleteAsync,PostgreSQL,4214,Athlete,1,5
DeleteAsync,MongoDB,1309,Athlete,1,5
DeleteAsync,PostgreSQL,4184,Event,1,5
DeleteAsync,MongoDB,1302,Event,1,5
DeleteAllAsync,PostgreSQL,15083,Result,17701,5
DeleteAllAsync,MongoDB,128386,Result,17749,5
DeleteAllAsync,PostgreSQL,296214,Athlete,8639,5
DeleteAllAsync,MongoDB,58988,Athlete,8639,5
DeleteAllAsync,PostgreSQL,26966,Event,694,5
DeleteAllAsync,MongoDB,5638,Event,694,5
AddManyAsync,PostgreSQL,162288,Athlete,8640,5
AddManyAsync,MongoDB,164716,Athlete,8640,5
AddManyAsync,PostgreSQL,36479,Event,695,5
AddManyAsync,MongoDB,23249,Event,695,5
AddManyAsync,PostgreSQL,503870,Result,17750,5
AddManyAsync,MongoDB,486871,Result,17750,5
GetByIdAsync,PostgreSQL,12900,Athlete,1,5
GetByIdAsync,MongoDB,39286,Athlete,1,5
GetByIdAsync,PostgreSQL,3260,Event,1,5
GetByIdAsync,MongoDB,4679,Event,1,5
GetByIdAsync,PostgreSQL,3354,Result,1,5
GetByIdAsync,MongoDB,4548,Result,1,5
GetAllAsync,PostgreSQL,28672,Athlete,8640,5
GetAllAsync,MongoDB,54551,Athlete,8640,5
GetAllAsync,PostgreSQL,6158,Event,695,5
GetAllAsync,MongoDB,8932,Event,695,5
GetAllAsync,PostgreSQL,43056,Result,17750,5
GetAllAsync,MongoDB,372504,Result,17750,5
UpdateAsync,PostgreSQL,3192,Athlete,1,5
UpdateAsync,MongoDB,9336,Athlete,1,5
UpdateAsync,PostgreSQL,2942,Event,1,5
UpdateAsync,MongoDB,1659,Event,1,5
UpdateAsync,PostgreSQL,3049,Result,1,5
UpdateAsync,MongoDB,2703,Result,1,5
DeleteAsync,PostgreSQL,2991,Result,1,5
DeleteAsync,MongoDB,7043,Result,1,5
DeleteAsync,PostgreSQL,4293,Athlete,1,5
DeleteAsync,MongoDB,1250,Athlete,1,5
DeleteAsync,PostgreSQL,3805,Event,1,5
DeleteAsync,MongoDB,1346,Event,1,5
DeleteAllAsync,PostgreSQL,15673,Result,17701,5
DeleteAllAsync,MongoDB,128812,Result,17749,5
DeleteAllAsync,PostgreSQL,353552,Athlete,8639,5
DeleteAllAsync,MongoDB,59846,Athlete,8639,5
DeleteAllAsync,PostgreSQL,5414,Event,694,5
DeleteAllAsync,MongoDB,5380,Event,694,5
AddManyAsync,PostgreSQL,169360,Athlete,8640,5
AddManyAsync,MongoDB,169504,Athlete,8640,5
AddManyAsync,PostgreSQL,43946,Event,695,5
AddManyAsync,MongoDB,25256,Event,695,5
AddManyAsync,PostgreSQL,507673,Result,17750,5
AddManyAsync,MongoDB,479150,Result,17750,5
GetByIdAsync,PostgreSQL,13125,Athlete,1,5
GetByIdAsync,MongoDB,39154,Athlete,1,5
GetByIdAsync,PostgreSQL,3451,Event,1,5
GetByIdAsync,MongoDB,4707,Event,1,5
GetByIdAsync,PostgreSQL,3634,Result,1,5
GetByIdAsync,MongoDB,4868,Result,1,5
GetAllAsync,PostgreSQL,19260,Athlete,8640,5
GetAllAsync,MongoDB,55756,Athlete,8640,5
GetAllAsync,PostgreSQL,12104,Event,695,5
GetAllAsync,MongoDB,8241,Event,695,5
GetAllAsync,PostgreSQL,42453,Result,17750,5
GetAllAsync,MongoDB,383137,Result,17750,5
UpdateAsync,PostgreSQL,3510,Athlete,1,5
UpdateAsync,MongoDB,9513,Athlete,1,5
UpdateAsync,PostgreSQL,3099,Event,1,5
UpdateAsync,MongoDB,1581,Event,1,5
UpdateAsync,PostgreSQL,2998,Result,1,5
UpdateAsync,MongoDB,2908,Result,1,5
DeleteAsync,PostgreSQL,3005,Result,1,5
DeleteAsync,MongoDB,6865,Result,1,5
DeleteAsync,PostgreSQL,4255,Athlete,1,5
DeleteAsync,MongoDB,1411,Athlete,1,5
DeleteAsync,PostgreSQL,4273,Event,1,5
DeleteAsync,MongoDB,1157,Event,1,5
DeleteAllAsync,PostgreSQL,15838,Result,17701,5
DeleteAllAsync,MongoDB,126252,Result,17749,5
DeleteAllAsync,PostgreSQL,301037,Athlete,8639,5
DeleteAllAsync,MongoDB,55414,Athlete,8639,5
DeleteAllAsync,PostgreSQL,27245,Event,694,5
DeleteAllAsync,MongoDB,5959,Event,694,5
AddManyAsync,PostgreSQL,172739,Athlete,8640,5
AddManyAsync,MongoDB,161827,Athlete,8640,5
AddManyAsync,PostgreSQL,36656,Event,695,5
AddManyAsync,MongoDB,22216,Event,695,5
AddManyAsync,PostgreSQL,539107,Result,17750,5
AddManyAsync,MongoDB,541780,Result,17750,5
GetByIdAsync,PostgreSQL,12758,Athlete,1,5
GetByIdAsync,MongoDB,38790,Athlete,1,5
GetByIdAsync,PostgreSQL,3511,Event,1,5
GetByIdAsync,MongoDB,4791,Event,1,5
GetByIdAsync,PostgreSQL,3334,Result,1,5
GetByIdAsync,MongoDB,5052,Result,1,5
GetAllAsync,PostgreSQL,26014,Athlete,8640,5
GetAllAsync,MongoDB,60257,Athlete,8640,5
GetAllAsync,PostgreSQL,5690,Event,695,5
GetAllAsync,MongoDB,8683,Event,695,5
GetAllAsync,PostgreSQL,41986,Result,17750,5
GetAllAsync,MongoDB,383901,Result,17750,5
UpdateAsync,PostgreSQL,3520,Athlete,1,5
UpdateAsync,MongoDB,10152,Athlete,1,5
UpdateAsync,PostgreSQL,3169,Event,1,5
UpdateAsync,MongoDB,1647,Event,1,5
UpdateAsync,PostgreSQL,2976,Result,1,5
UpdateAsync,MongoDB,2850,Result,1,5
DeleteAsync,PostgreSQL,2839,Result,1,5
DeleteAsync,MongoDB,6924,Result,1,5
DeleteAsync,PostgreSQL,4288,Athlete,1,5
DeleteAsync,MongoDB,1375,Athlete,1,5
DeleteAsync,PostgreSQL,4153,Event,1,5
DeleteAsync,MongoDB,1207,Event,1,5
DeleteAllAsync,PostgreSQL,15348,Result,17701,5
DeleteAllAsync,MongoDB,125329,Result,17749,5
DeleteAllAsync,PostgreSQL,291545,Athlete,8639,5
DeleteAllAsync,MongoDB,54020,Athlete,8639,5
DeleteAllAsync,PostgreSQL,27525,Event,694,5
DeleteAllAsync,MongoDB,6992,Event,694,5
AddManyAsync,PostgreSQL,180216,Athlete,8640,5
AddManyAsync,MongoDB,175307,Athlete,8640,5
AddManyAsync,PostgreSQL,37552,Event,695,5
AddManyAsync,MongoDB,25025,Event,695,5
AddManyAsync,PostgreSQL,506424,Result,17750,5
AddManyAsync,MongoDB,494724,Result,17750,5
GetByIdAsync,PostgreSQL,12880,Athlete,1,5
GetByIdAsync,MongoDB,41685,Athlete,1,5
GetByIdAsync,PostgreSQL,4336,Event,1,5
GetByIdAsync,MongoDB,4996,Event,1,5
GetByIdAsync,PostgreSQL,4109,Result,1,5
GetByIdAsync,MongoDB,5481,Result,1,5
GetAllAsync,PostgreSQL,24370,Athlete,8640,5
GetAllAsync,MongoDB,77793,Athlete,8640,5
GetAllAsync,PostgreSQL,32178,Event,695,5
GetAllAsync,MongoDB,13680,Event,695,5
GetAllAsync,PostgreSQL,47436,Result,17750,5
GetAllAsync,MongoDB,515592,Result,17750,5
UpdateAsync,PostgreSQL,3332,Athlete,1,5
UpdateAsync,MongoDB,10548,Athlete,1,5
UpdateAsync,PostgreSQL,3251,Event,1,5
UpdateAsync,MongoDB,1695,Event,1,5
UpdateAsync,PostgreSQL,3329,Result,1,5
UpdateAsync,MongoDB,1855,Result,1,5
DeleteAsync,PostgreSQL,3438,Result,1,5
DeleteAsync,MongoDB,9486,Result,1,5
DeleteAsync,PostgreSQL,5171,Athlete,1,5
DeleteAsync,MongoDB,1356,Athlete,1,5
DeleteAsync,PostgreSQL,4431,Event,1,5
DeleteAsync,MongoDB,1701,Event,1,5
DeleteAllAsync,PostgreSQL,18244,Result,17701,5
DeleteAllAsync,MongoDB,137182,Result,17749,5
DeleteAllAsync,PostgreSQL,397053,Athlete,8639,5
DeleteAllAsync,MongoDB,78411,Athlete,8639,5
DeleteAllAsync,PostgreSQL,36666,Event,694,5
DeleteAllAsync,MongoDB,8969,Event,694,5
AddManyAsync,PostgreSQL,302624,Athlete,17280,10
AddManyAsync,MongoDB,311768,Athlete,17280,10
AddManyAsync,PostgreSQL,116119,Event,1390,10
AddManyAsync,MongoDB,62711,Event,1390,10
AddManyAsync,PostgreSQL,1786602,Result,35500,10
AddManyAsync,MongoDB,717393,Result,35500,10
GetByIdAsync,PostgreSQL,12780,Athlete,1,10
GetByIdAsync,MongoDB,39397,Athlete,1,10
GetByIdAsync,PostgreSQL,3556,Event,1,10
GetByIdAsync,MongoDB,4385,Event,1,10
GetByIdAsync,PostgreSQL,3300,Result,1,10
GetByIdAsync,MongoDB,5277,Result,1,10
GetAllAsync,PostgreSQL,47266,Athlete,17280,10
GetAllAsync,MongoDB,99245,Athlete,17280,10
GetAllAsync,PostgreSQL,8262,Event,1390,10
GetAllAsync,MongoDB,15058,Event,1390,10
GetAllAsync,PostgreSQL,70137,Result,35500,10
GetAllAsync,MongoDB,1071069,Result,35500,10
UpdateAsync,PostgreSQL,4400,Athlete,1,10
UpdateAsync,MongoDB,28282,Athlete,1,10
UpdateAsync,PostgreSQL,6674,Event,1,10
UpdateAsync,MongoDB,2557,Event,1,10
UpdateAsync,PostgreSQL,9283,Result,1,10
UpdateAsync,MongoDB,2907,Result,1,10
DeleteAsync,PostgreSQL,8960,Result,1,10
DeleteAsync,MongoDB,18798,Result,1,10
DeleteAsync,PostgreSQL,7575,Athlete,1,10
DeleteAsync,MongoDB,2293,Athlete,1,10
DeleteAsync,PostgreSQL,6824,Event,1,10
DeleteAsync,MongoDB,2191,Event,1,10
DeleteAllAsync,PostgreSQL,42537,Result,35451,10
DeleteAllAsync,MongoDB,810286,Result,35499,10
DeleteAllAsync,PostgreSQL,1241237,Athlete,17279,10
DeleteAllAsync,MongoDB,111762,Athlete,17279,10
DeleteAllAsync,PostgreSQL,100037,Event,1389,10
DeleteAllAsync,MongoDB,9741,Event,1389,10
AddManyAsync,PostgreSQL,282583,Athlete,17280,10
AddManyAsync,MongoDB,241607,Athlete,17280,10
AddManyAsync,PostgreSQL,54415,Event,1390,10
AddManyAsync,MongoDB,31460,Event,1390,10
AddManyAsync,PostgreSQL,914531,Result,35500,10
AddManyAsync,MongoDB,694976,Result,35500,10
GetByIdAsync,PostgreSQL,12245,Athlete,1,10
GetByIdAsync,MongoDB,38474,Athlete,1,10
GetByIdAsync,PostgreSQL,3447,Event,1,10
GetByIdAsync,MongoDB,4598,Event,1,10
GetByIdAsync,PostgreSQL,3477,Result,1,10
GetByIdAsync,MongoDB,4593,Result,1,10
GetAllAsync,PostgreSQL,46797,Athlete,17280,10
GetAllAsync,MongoDB,90619,Athlete,17280,10
GetAllAsync,PostgreSQL,8165,Event,1390,10
GetAllAsync,MongoDB,15062,Event,1390,10
GetAllAsync,PostgreSQL,70016,Result,35500,10
GetAllAsync,MongoDB,651724,Result,35500,10
UpdateAsync,PostgreSQL,3125,Athlete,1,10
UpdateAsync,MongoDB,10211,Athlete,1,10
UpdateAsync,PostgreSQL,3049,Event,1,10
UpdateAsync,MongoDB,1690,Event,1,10
UpdateAsync,PostgreSQL,2952,Result,1,10
UpdateAsync,MongoDB,1623,Result,1,10
DeleteAsync,PostgreSQL,2715,Result,1,10
DeleteAsync,MongoDB,7184,Result,1,10
DeleteAsync,PostgreSQL,5548,Athlete,1,10
DeleteAsync,MongoDB,1282,Athlete,1,10
DeleteAsync,PostgreSQL,5093,Event,1,10
DeleteAsync,MongoDB,1382,Event,1,10
DeleteAllAsync,PostgreSQL,22924,Result,35451,10
DeleteAllAsync,MongoDB,257861,Result,35499,10
DeleteAllAsync,PostgreSQL,1179593,Athlete,17279,10
DeleteAllAsync,MongoDB,108856,Athlete,17279,10
DeleteAllAsync,PostgreSQL,98529,Event,1389,10
DeleteAllAsync,MongoDB,9752,Event,1389,10
AddManyAsync,PostgreSQL,295272,Athlete,17280,10
AddManyAsync,MongoDB,249446,Athlete,17280,10
AddManyAsync,PostgreSQL,52331,Event,1390,10
AddManyAsync,MongoDB,31008,Event,1390,10
AddManyAsync,PostgreSQL,910698,Result,35500,10
AddManyAsync,MongoDB,659776,Result,35500,10
GetByIdAsync,PostgreSQL,12500,Athlete,1,10
GetByIdAsync,MongoDB,39856,Athlete,1,10
GetByIdAsync,PostgreSQL,3175,Event,1,10
GetByIdAsync,MongoDB,4391,Event,1,10
GetByIdAsync,PostgreSQL,3466,Result,1,10
GetByIdAsync,MongoDB,4832,Result,1,10
GetAllAsync,PostgreSQL,42312,Athlete,17280,10
GetAllAsync,MongoDB,126305,Athlete,17280,10
GetAllAsync,PostgreSQL,8265,Event,1390,10
GetAllAsync,MongoDB,14184,Event,1390,10
GetAllAsync,PostgreSQL,68062,Result,35500,10
GetAllAsync,MongoDB,746040,Result,35500,10
UpdateAsync,PostgreSQL,3483,Athlete,1,10
UpdateAsync,MongoDB,10525,Athlete,1,10
UpdateAsync,PostgreSQL,3121,Event,1,10
UpdateAsync,MongoDB,2185,Event,1,10
UpdateAsync,PostgreSQL,3433,Result,1,10
UpdateAsync,MongoDB,1721,Result,1,10
DeleteAsync,PostgreSQL,2792,Result,1,10
DeleteAsync,MongoDB,6789,Result,1,10
DeleteAsync,PostgreSQL,5167,Athlete,1,10
DeleteAsync,MongoDB,1416,Athlete,1,10
DeleteAsync,PostgreSQL,5263,Event,1,10
DeleteAsync,MongoDB,1410,Event,1,10
DeleteAllAsync,PostgreSQL,22110,Result,35451,10
DeleteAllAsync,MongoDB,255235,Result,35499,10
DeleteAllAsync,PostgreSQL,1190788,Athlete,17279,10
DeleteAllAsync,MongoDB,107907,Athlete,17279,10
DeleteAllAsync,PostgreSQL,100994,Event,1389,10
DeleteAllAsync,MongoDB,9304,Event,1389,10
AddManyAsync,PostgreSQL,284086,Athlete,17280,10
AddManyAsync,MongoDB,243131,Athlete,17280,10
AddManyAsync,PostgreSQL,53539,Event,1390,10
AddManyAsync,MongoDB,31686,Event,1390,10
AddManyAsync,PostgreSQL,912623,Result,35500,10
AddManyAsync,MongoDB,689395,Result,35500,10
GetByIdAsync,PostgreSQL,12544,Athlete,1,10
GetByIdAsync,MongoDB,39230,Athlete,1,10
GetByIdAsync,PostgreSQL,3258,Event,1,10
GetByIdAsync,MongoDB,4429,Event,1,10
GetByIdAsync,PostgreSQL,3352,Result,1,10
GetByIdAsync,MongoDB,4949,Result,1,10
GetAllAsync,PostgreSQL,47073,Athlete,17280,10
GetAllAsync,MongoDB,101219,Athlete,17280,10
GetAllAsync,PostgreSQL,8679,Event,1390,10
GetAllAsync,MongoDB,15510,Event,1390,10
GetAllAsync,PostgreSQL,73638,Result,35500,10
GetAllAsync,MongoDB,760313,Result,35500,10
UpdateAsync,PostgreSQL,3847,Athlete,1,10
UpdateAsync,MongoDB,10437,Athlete,1,10
UpdateAsync,PostgreSQL,2988,Event,1,10
UpdateAsync,MongoDB,1737,Event,1,10
UpdateAsync,PostgreSQL,2820,Result,1,10
UpdateAsync,MongoDB,1699,Result,1,10
DeleteAsync,PostgreSQL,2788,Result,1,10
DeleteAsync,MongoDB,6921,Result,1,10
DeleteAsync,PostgreSQL,5652,Athlete,1,10
DeleteAsync,MongoDB,1351,Athlete,1,10
DeleteAsync,PostgreSQL,5343,Event,1,10
DeleteAsync,MongoDB,1322,Event,1,10
DeleteAllAsync,PostgreSQL,21420,Result,35451,10
DeleteAllAsync,MongoDB,250044,Result,35499,10
DeleteAllAsync,PostgreSQL,1190669,Athlete,17279,10
DeleteAllAsync,MongoDB,107301,Athlete,17279,10
DeleteAllAsync,PostgreSQL,99560,Event,1389,10
DeleteAllAsync,MongoDB,9438,Event,1389,10
AddManyAsync,PostgreSQL,295432,Athlete,17280,10
AddManyAsync,MongoDB,242356,Athlete,17280,10
AddManyAsync,PostgreSQL,49983,Event,1390,10
AddManyAsync,MongoDB,31874,Event,1390,10
AddManyAsync,PostgreSQL,914828,Result,35500,10
AddManyAsync,MongoDB,663162,Result,35500,10
GetByIdAsync,PostgreSQL,11844,Athlete,1,10
GetByIdAsync,MongoDB,38115,Athlete,1,10
GetByIdAsync,PostgreSQL,3333,Event,1,10
GetByIdAsync,MongoDB,4471,Event,1,10
GetByIdAsync,PostgreSQL,3418,Result,1,10
GetByIdAsync,MongoDB,4864,Result,1,10
GetAllAsync,PostgreSQL,42025,Athlete,17280,10
GetAllAsync,MongoDB,95322,Athlete,17280,10
GetAllAsync,PostgreSQL,7995,Event,1390,10
GetAllAsync,MongoDB,14211,Event,1390,10
GetAllAsync,PostgreSQL,67988,Result,35500,10
GetAllAsync,MongoDB,706759,Result,35500,10
UpdateAsync,PostgreSQL,3437,Athlete,1,10
UpdateAsync,MongoDB,11680,Athlete,1,10
UpdateAsync,PostgreSQL,3834,Event,1,10
UpdateAsync,MongoDB,1850,Event,1,10
UpdateAsync,PostgreSQL,3744,Result,1,10
UpdateAsync,MongoDB,1993,Result,1,10
DeleteAsync,PostgreSQL,3052,Result,1,10
DeleteAsync,MongoDB,7534,Result,1,10
DeleteAsync,PostgreSQL,6341,Athlete,1,10
DeleteAsync,MongoDB,1410,Athlete,1,10
DeleteAsync,PostgreSQL,5935,Event,1,10
DeleteAsync,MongoDB,1541,Event,1,10
DeleteAllAsync,PostgreSQL,22809,Result,35451,10
DeleteAllAsync,MongoDB,265217,Result,35499,10
DeleteAllAsync,PostgreSQL,1323898,Athlete,17279,10
DeleteAllAsync,MongoDB,120700,Athlete,17279,10
DeleteAllAsync,PostgreSQL,108598,Event,1389,10
DeleteAllAsync,MongoDB,10550,Event,1389,10
AddManyAsync,PostgreSQL,1204287,Athlete,34560,20
AddManyAsync,MongoDB,1189115,Athlete,34560,20
AddManyAsync,PostgreSQL,94202,Event,2780,20
AddManyAsync,MongoDB,52250,Event,2780,20
AddManyAsync,PostgreSQL,2222153,Result,71000,20
AddManyAsync,MongoDB,1827615,Result,71000,20
GetByIdAsync,PostgreSQL,12785,Athlete,1,20
GetByIdAsync,MongoDB,43552,Athlete,1,20
GetByIdAsync,PostgreSQL,3563,Event,1,20
GetByIdAsync,MongoDB,4543,Event,1,20
GetByIdAsync,PostgreSQL,3814,Result,1,20
GetByIdAsync,MongoDB,4837,Result,1,20
GetAllAsync,PostgreSQL,69026,Athlete,34560,20
GetAllAsync,MongoDB,187363,Athlete,34560,20
GetAllAsync,PostgreSQL,35096,Event,2780,20
GetAllAsync,MongoDB,29615,Event,2780,20
GetAllAsync,PostgreSQL,116418,Result,71000,20
GetAllAsync,MongoDB,980397,Result,71000,20
UpdateAsync,PostgreSQL,3609,Athlete,1,20
UpdateAsync,MongoDB,12218,Athlete,1,20
UpdateAsync,PostgreSQL,2859,Event,1,20
UpdateAsync,MongoDB,1878,Event,1,20
UpdateAsync,PostgreSQL,3043,Result,1,20
UpdateAsync,MongoDB,1654,Result,1,20
DeleteAsync,PostgreSQL,2745,Result,1,20
DeleteAsync,MongoDB,6750,Result,1,20
DeleteAsync,PostgreSQL,7720,Athlete,1,20
DeleteAsync,MongoDB,1478,Athlete,1,20
DeleteAsync,PostgreSQL,8055,Event,1,20
DeleteAsync,MongoDB,1528,Event,1,20
DeleteAllAsync,PostgreSQL,39923,Result,70951,20
DeleteAllAsync,MongoDB,578398,Result,70999,20
DeleteAllAsync,PostgreSQL,5191913,Athlete,34559,20
DeleteAllAsync,MongoDB,229002,Athlete,34559,20
DeleteAllAsync,PostgreSQL,410463,Event,2779,20
DeleteAllAsync,MongoDB,17669,Event,2779,20
AddManyAsync,PostgreSQL,509927,Athlete,34560,20
AddManyAsync,MongoDB,407246,Athlete,34560,20
AddManyAsync,PostgreSQL,95030,Event,2780,20
AddManyAsync,MongoDB,47172,Event,2780,20
AddManyAsync,PostgreSQL,1755286,Result,71000,20
AddManyAsync,MongoDB,996656,Result,71000,20
GetByIdAsync,PostgreSQL,15163,Athlete,1,20
GetByIdAsync,MongoDB,41474,Athlete,1,20
GetByIdAsync,PostgreSQL,3449,Event,1,20
GetByIdAsync,MongoDB,4367,Event,1,20
GetByIdAsync,PostgreSQL,3454,Result,1,20
GetByIdAsync,MongoDB,4621,Result,1,20
GetAllAsync,PostgreSQL,66676,Athlete,34560,20
GetAllAsync,MongoDB,188887,Athlete,34560,20
GetAllAsync,PostgreSQL,13237,Event,2780,20
GetAllAsync,MongoDB,31047,Event,2780,20
GetAllAsync,PostgreSQL,123623,Result,71000,20
GetAllAsync,MongoDB,1124347,Result,71000,20
UpdateAsync,PostgreSQL,4031,Athlete,1,20
UpdateAsync,MongoDB,10540,Athlete,1,20
UpdateAsync,PostgreSQL,2985,Event,1,20
UpdateAsync,MongoDB,1616,Event,1,20
UpdateAsync,PostgreSQL,2675,Result,1,20
UpdateAsync,MongoDB,1785,Result,1,20
DeleteAsync,PostgreSQL,2780,Result,1,20
DeleteAsync,MongoDB,6696,Result,1,20
DeleteAsync,PostgreSQL,7729,Athlete,1,20
DeleteAsync,MongoDB,1292,Athlete,1,20
DeleteAsync,PostgreSQL,9028,Event,1,20
DeleteAsync,MongoDB,1217,Event,1,20
DeleteAllAsync,PostgreSQL,34042,Result,70951,20
DeleteAllAsync,MongoDB,480985,Result,70999,20
DeleteAllAsync,PostgreSQL,4803569,Athlete,34559,20
DeleteAllAsync,MongoDB,248228,Athlete,34559,20
DeleteAllAsync,PostgreSQL,414320,Event,2779,20
DeleteAllAsync,MongoDB,18583,Event,2779,20
AddManyAsync,PostgreSQL,497331,Athlete,34560,20
AddManyAsync,MongoDB,371874,Athlete,34560,20
AddManyAsync,PostgreSQL,68810,Event,2780,20
AddManyAsync,MongoDB,44966,Event,2780,20
AddManyAsync,PostgreSQL,1707639,Result,71000,20
AddManyAsync,MongoDB,1023640,Result,71000,20
GetByIdAsync,PostgreSQL,13603,Athlete,1,20
GetByIdAsync,MongoDB,40558,Athlete,1,20
GetByIdAsync,PostgreSQL,3319,Event,1,20
GetByIdAsync,MongoDB,4735,Event,1,20
GetByIdAsync,PostgreSQL,3448,Result,1,20
GetByIdAsync,MongoDB,5696,Result,1,20
GetAllAsync,PostgreSQL,100552,Athlete,34560,20
GetAllAsync,MongoDB,171210,Athlete,34560,20
GetAllAsync,PostgreSQL,24264,Event,2780,20
GetAllAsync,MongoDB,28644,Event,2780,20
GetAllAsync,PostgreSQL,114002,Result,71000,20
GetAllAsync,MongoDB,1067684,Result,71000,20
UpdateAsync,PostgreSQL,3309,Athlete,1,20
UpdateAsync,MongoDB,11442,Athlete,1,20
UpdateAsync,PostgreSQL,3003,Event,1,20
UpdateAsync,MongoDB,1627,Event,1,20
UpdateAsync,PostgreSQL,2789,Result,1,20
UpdateAsync,MongoDB,1784,Result,1,20
DeleteAsync,PostgreSQL,2638,Result,1,20
DeleteAsync,MongoDB,7336,Result,1,20
DeleteAsync,PostgreSQL,7872,Athlete,1,20
DeleteAsync,MongoDB,1331,Athlete,1,20
DeleteAsync,PostgreSQL,7857,Event,1,20
DeleteAsync,MongoDB,1254,Event,1,20
DeleteAllAsync,PostgreSQL,34518,Result,70951,20
DeleteAllAsync,MongoDB,460724,Result,70999,20
DeleteAllAsync,PostgreSQL,4906963,Athlete,34559,20
DeleteAllAsync,MongoDB,219313,Athlete,34559,20
DeleteAllAsync,PostgreSQL,395765,Event,2779,20
DeleteAllAsync,MongoDB,17097,Event,2779,20
AddManyAsync,PostgreSQL,515095,Athlete,34560,20
AddManyAsync,MongoDB,385640,Athlete,34560,20
AddManyAsync,PostgreSQL,72734,Event,2780,20
AddManyAsync,MongoDB,45126,Event,2780,20
AddManyAsync,PostgreSQL,1806165,Result,71000,20
AddManyAsync,MongoDB,1042650,Result,71000,20
GetByIdAsync,PostgreSQL,13198,Athlete,1,20
GetByIdAsync,MongoDB,44949,Athlete,1,20
GetByIdAsync,PostgreSQL,3489,Event,1,20
GetByIdAsync,MongoDB,4566,Event,1,20
GetByIdAsync,PostgreSQL,3452,Result,1,20
GetByIdAsync,MongoDB,4581,Result,1,20
GetAllAsync,PostgreSQL,67730,Athlete,34560,20
GetAllAsync,MongoDB,174698,Athlete,34560,20
GetAllAsync,PostgreSQL,12509,Event,2780,20
GetAllAsync,MongoDB,25871,Event,2780,20
GetAllAsync,PostgreSQL,119488,Result,71000,20
GetAllAsync,MongoDB,1025838,Result,71000,20
UpdateAsync,PostgreSQL,3108,Athlete,1,20
UpdateAsync,MongoDB,11245,Athlete,1,20
UpdateAsync,PostgreSQL,2987,Event,1,20
UpdateAsync,MongoDB,1526,Event,1,20
UpdateAsync,PostgreSQL,2862,Result,1,20
UpdateAsync,MongoDB,1817,Result,1,20
DeleteAsync,PostgreSQL,2809,Result,1,20
DeleteAsync,MongoDB,7235,Result,1,20
DeleteAsync,PostgreSQL,7711,Athlete,1,20
DeleteAsync,MongoDB,1417,Athlete,1,20
DeleteAsync,PostgreSQL,7427,Event,1,20
DeleteAsync,MongoDB,1376,Event,1,20
DeleteAllAsync,PostgreSQL,34775,Result,70951,20
DeleteAllAsync,MongoDB,462525,Result,70999,20
DeleteAllAsync,PostgreSQL,4742408,Athlete,34559,20
DeleteAllAsync,MongoDB,215838,Athlete,34559,20
DeleteAllAsync,PostgreSQL,384284,Event,2779,20
DeleteAllAsync,MongoDB,16723,Event,2779,20
AddManyAsync,PostgreSQL,497147,Athlete,34560,20
AddManyAsync,MongoDB,376196,Athlete,34560,20
AddManyAsync,PostgreSQL,72470,Event,2780,20
AddManyAsync,MongoDB,45552,Event,2780,20
AddManyAsync,PostgreSQL,1759020,Result,71000,20
AddManyAsync,MongoDB,1123144,Result,71000,20
GetByIdAsync,PostgreSQL,15659,Athlete,1,20
GetByIdAsync,MongoDB,51155,Athlete,1,20
GetByIdAsync,PostgreSQL,4320,Event,1,20
GetByIdAsync,MongoDB,5448,Event,1,20
GetByIdAsync,PostgreSQL,3904,Result,1,20
GetByIdAsync,MongoDB,5278,Result,1,20
GetAllAsync,PostgreSQL,76418,Athlete,34560,20
GetAllAsync,MongoDB,181673,Athlete,34560,20
GetAllAsync,PostgreSQL,26949,Event,2780,20
GetAllAsync,MongoDB,33583,Event,2780,20
GetAllAsync,PostgreSQL,126015,Result,71000,20
GetAllAsync,MongoDB,1080161,Result,71000,20
UpdateAsync,PostgreSQL,3479,Athlete,1,20
UpdateAsync,MongoDB,11607,Athlete,1,20
UpdateAsync,PostgreSQL,3076,Event,1,20
UpdateAsync,MongoDB,1705,Event,1,20
UpdateAsync,PostgreSQL,2897,Result,1,20
UpdateAsync,MongoDB,1775,Result,1,20
DeleteAsync,PostgreSQL,2959,Result,1,20
DeleteAsync,MongoDB,7218,Result,1,20
DeleteAsync,PostgreSQL,8267,Athlete,1,20
DeleteAsync,MongoDB,1406,Athlete,1,20
DeleteAsync,PostgreSQL,7564,Event,1,20
DeleteAsync,MongoDB,1322,Event,1,20
DeleteAllAsync,PostgreSQL,38482,Result,70951,20
DeleteAllAsync,MongoDB,465081,Result,70999,20
DeleteAllAsync,PostgreSQL,4889890,Athlete,34559,20
DeleteAllAsync,MongoDB,221138,Athlete,34559,20
DeleteAllAsync,PostgreSQL,400717,Event,2779,20
DeleteAllAsync,MongoDB,17617,Event,2779,20
AddManyAsync,PostgreSQL,1499839,Athlete,86400,50
AddManyAsync,MongoDB,1109292,Athlete,86400,50
AddManyAsync,PostgreSQL,382590,Event,6950,50
AddManyAsync,MongoDB,138056,Event,6950,50
AddManyAsync,PostgreSQL,5044651,Result,177500,50
AddManyAsync,MongoDB,1764006,Result,177500,50
GetByIdAsync,PostgreSQL,12926,Athlete,1,50
GetByIdAsync,MongoDB,44439,Athlete,1,50
GetByIdAsync,PostgreSQL,3286,Event,1,50
GetByIdAsync,MongoDB,4396,Event,1,50
GetByIdAsync,PostgreSQL,3392,Result,1,50
GetByIdAsync,MongoDB,4995,Result,1,50
GetAllAsync,PostgreSQL,138065,Athlete,86400,50
GetAllAsync,MongoDB,314283,Athlete,86400,50
GetAllAsync,PostgreSQL,33772,Event,6950,50
GetAllAsync,MongoDB,60785,Event,6950,50
GetAllAsync,PostgreSQL,284458,Result,177500,50
GetAllAsync,MongoDB,1700460,Result,177500,50
UpdateAsync,PostgreSQL,3751,Athlete,1,50
UpdateAsync,MongoDB,11854,Athlete,1,50
UpdateAsync,PostgreSQL,3315,Event,1,50
UpdateAsync,MongoDB,1954,Event,1,50
UpdateAsync,PostgreSQL,3601,Result,1,50
UpdateAsync,MongoDB,1728,Result,1,50
DeleteAsync,PostgreSQL,2825,Result,1,50
DeleteAsync,MongoDB,8189,Result,1,50
DeleteAsync,PostgreSQL,14705,Athlete,1,50
DeleteAsync,MongoDB,1517,Athlete,1,50
DeleteAsync,PostgreSQL,14455,Event,1,50
DeleteAsync,MongoDB,1276,Event,1,50
DeleteAllAsync,PostgreSQL,83452,Result,177451,50
DeleteAllAsync,MongoDB,1220856,Result,177499,50
DeleteAllAsync,PostgreSQL,23281935,Athlete,86399,50
DeleteAllAsync,MongoDB,562965,Athlete,86399,50
DeleteAllAsync,PostgreSQL,1526666,Event,6949,50
DeleteAllAsync,MongoDB,43507,Event,6949,50
AddManyAsync,PostgreSQL,1116331,Athlete,86400,50
AddManyAsync,MongoDB,807804,Athlete,86400,50
AddManyAsync,PostgreSQL,171599,Event,6950,50
AddManyAsync,MongoDB,52872,Event,6950,50
AddManyAsync,PostgreSQL,4157402,Result,177500,50
AddManyAsync,MongoDB,1669499,Result,177500,50
GetByIdAsync,PostgreSQL,12525,Athlete,1,50
GetByIdAsync,MongoDB,40504,Athlete,1,50
GetByIdAsync,PostgreSQL,3422,Event,1,50
GetByIdAsync,MongoDB,4905,Event,1,50
GetByIdAsync,PostgreSQL,3536,Result,1,50
GetByIdAsync,MongoDB,4736,Result,1,50
GetAllAsync,PostgreSQL,152304,Athlete,86400,50
GetAllAsync,MongoDB,274259,Athlete,86400,50
GetAllAsync,PostgreSQL,30790,Event,6950,50
GetAllAsync,MongoDB,54642,Event,6950,50
GetAllAsync,PostgreSQL,255816,Result,177500,50
GetAllAsync,MongoDB,1689813,Result,177500,50
UpdateAsync,PostgreSQL,3718,Athlete,1,50
UpdateAsync,MongoDB,10945,Athlete,1,50
UpdateAsync,PostgreSQL,3131,Event,1,50
UpdateAsync,MongoDB,1638,Event,1,50
UpdateAsync,PostgreSQL,2974,Result,1,50
UpdateAsync,MongoDB,1507,Result,1,50
DeleteAsync,PostgreSQL,2781,Result,1,50
DeleteAsync,MongoDB,7846,Result,1,50
DeleteAsync,PostgreSQL,14466,Athlete,1,50
DeleteAsync,MongoDB,1454,Athlete,1,50
DeleteAsync,PostgreSQL,14590,Event,1,50
DeleteAsync,MongoDB,1281,Event,1,50
DeleteAllAsync,PostgreSQL,80458,Result,177451,50
DeleteAllAsync,MongoDB,1206487,Result,177499,50
DeleteAllAsync,PostgreSQL,23050450,Athlete,86399,50
DeleteAllAsync,MongoDB,544584,Athlete,86399,50
DeleteAllAsync,PostgreSQL,1494499,Event,6949,50
DeleteAllAsync,MongoDB,44075,Event,6949,50
AddManyAsync,PostgreSQL,1082839,Athlete,86400,50
AddManyAsync,MongoDB,799655,Athlete,86400,50
AddManyAsync,PostgreSQL,156174,Event,6950,50
AddManyAsync,MongoDB,54279,Event,6950,50
AddManyAsync,PostgreSQL,4098667,Result,177500,50
AddManyAsync,MongoDB,1698718,Result,177500,50
GetByIdAsync,PostgreSQL,12420,Athlete,1,50
GetByIdAsync,MongoDB,39639,Athlete,1,50
GetByIdAsync,PostgreSQL,3394,Event,1,50
GetByIdAsync,MongoDB,4103,Event,1,50
GetByIdAsync,PostgreSQL,3316,Result,1,50
GetByIdAsync,MongoDB,4621,Result,1,50
GetAllAsync,PostgreSQL,154456,Athlete,86400,50
GetAllAsync,MongoDB,308062,Athlete,86400,50
GetAllAsync,PostgreSQL,44871,Event,6950,50
GetAllAsync,MongoDB,57436,Event,6950,50
GetAllAsync,PostgreSQL,287380,Result,177500,50
GetAllAsync,MongoDB,1831012,Result,177500,50
UpdateAsync,PostgreSQL,4445,Athlete,1,50
UpdateAsync,MongoDB,12904,Athlete,1,50
UpdateAsync,PostgreSQL,3636,Event,1,50
UpdateAsync,MongoDB,1855,Event,1,50
UpdateAsync,PostgreSQL,3412,Result,1,50
UpdateAsync,MongoDB,1978,Result,1,50
DeleteAsync,PostgreSQL,3457,Result,1,50
DeleteAsync,MongoDB,7991,Result,1,50
DeleteAsync,PostgreSQL,16363,Athlete,1,50
DeleteAsync,MongoDB,1591,Athlete,1,50
DeleteAsync,PostgreSQL,15399,Event,1,50
DeleteAsync,MongoDB,1624,Event,1,50
DeleteAllAsync,PostgreSQL,81262,Result,177451,50
DeleteAllAsync,MongoDB,1302786,Result,177499,50
DeleteAllAsync,PostgreSQL,23830287,Athlete,86399,50
DeleteAllAsync,MongoDB,564433,Athlete,86399,50
DeleteAllAsync,PostgreSQL,1509338,Event,6949,50
DeleteAllAsync,MongoDB,45637,Event,6949,50
AddManyAsync,PostgreSQL,1085271,Athlete,86400,50
AddManyAsync,MongoDB,811122,Athlete,86400,50
AddManyAsync,PostgreSQL,152792,Event,6950,50
AddManyAsync,MongoDB,53016,Event,6950,50
AddManyAsync,PostgreSQL,4158302,Result,177500,50
AddManyAsync,MongoDB,1729499,Result,177500,50
GetByIdAsync,PostgreSQL,11897,Athlete,1,50
GetByIdAsync,MongoDB,40860,Athlete,1,50
GetByIdAsync,PostgreSQL,3294,Event,1,50
GetByIdAsync,MongoDB,4901,Event,1,50
GetByIdAsync,PostgreSQL,3689,Result,1,50
GetByIdAsync,MongoDB,5128,Result,1,50
GetAllAsync,PostgreSQL,169423,Athlete,86400,50
GetAllAsync,MongoDB,333802,Athlete,86400,50
GetAllAsync,PostgreSQL,52950,Event,6950,50
GetAllAsync,MongoDB,59650,Event,6950,50
GetAllAsync,PostgreSQL,302239,Result,177500,50
GetAllAsync,MongoDB,1713703,Result,177500,50
UpdateAsync,PostgreSQL,3422,Athlete,1,50
UpdateAsync,MongoDB,12446,Athlete,1,50
UpdateAsync,PostgreSQL,3295,Event,1,50
UpdateAsync,MongoDB,1586,Event,1,50
UpdateAsync,PostgreSQL,3115,Result,1,50
UpdateAsync,MongoDB,1438,Result,1,50
DeleteAsync,PostgreSQL,2880,Result,1,50
DeleteAsync,MongoDB,7081,Result,1,50
DeleteAsync,PostgreSQL,14581,Athlete,1,50
DeleteAsync,MongoDB,1352,Athlete,1,50
DeleteAsync,PostgreSQL,15145,Event,1,50
DeleteAsync,MongoDB,1245,Event,1,50
DeleteAllAsync,PostgreSQL,91789,Result,177451,50
DeleteAllAsync,MongoDB,1221353,Result,177499,50
DeleteAllAsync,PostgreSQL,25157652,Athlete,86399,50
DeleteAllAsync,MongoDB,610221,Athlete,86399,50
DeleteAllAsync,PostgreSQL,1531315,Event,6949,50
DeleteAllAsync,MongoDB,45193,Event,6949,50
AddManyAsync,PostgreSQL,1089986,Athlete,86400,50
AddManyAsync,MongoDB,808493,Athlete,86400,50
AddManyAsync,PostgreSQL,187970,Event,6950,50
AddManyAsync,MongoDB,54518,Event,6950,50
AddManyAsync,PostgreSQL,4134501,Result,177500,50
AddManyAsync,MongoDB,1691993,Result,177500,50
GetByIdAsync,PostgreSQL,13256,Athlete,1,50
GetByIdAsync,MongoDB,41177,Athlete,1,50
GetByIdAsync,PostgreSQL,3448,Event,1,50
GetByIdAsync,MongoDB,4381,Event,1,50
GetByIdAsync,PostgreSQL,3543,Result,1,50
GetByIdAsync,MongoDB,4405,Result,1,50
GetAllAsync,PostgreSQL,170733,Athlete,86400,50
GetAllAsync,MongoDB,284649,Athlete,86400,50
GetAllAsync,PostgreSQL,32527,Event,6950,50
GetAllAsync,MongoDB,60577,Event,6950,50
GetAllAsync,PostgreSQL,268639,Result,177500,50
GetAllAsync,MongoDB,1698276,Result,177500,50
UpdateAsync,PostgreSQL,4379,Athlete,1,50
UpdateAsync,MongoDB,12083,Athlete,1,50
UpdateAsync,PostgreSQL,3349,Event,1,50
UpdateAsync,MongoDB,1937,Event,1,50
UpdateAsync,PostgreSQL,3162,Result,1,50
UpdateAsync,MongoDB,1657,Result,1,50
DeleteAsync,PostgreSQL,3095,Result,1,50
DeleteAsync,MongoDB,7617,Result,1,50
DeleteAsync,PostgreSQL,15898,Athlete,1,50
DeleteAsync,MongoDB,1579,Athlete,1,50
DeleteAsync,PostgreSQL,15518,Event,1,50
DeleteAsync,MongoDB,1597,Event,1,50
DeleteAllAsync,PostgreSQL,98367,Result,177451,50
DeleteAllAsync,MongoDB,1384214,Result,177499,50
DeleteAllAsync,PostgreSQL,29632521,Athlete,86399,50
DeleteAllAsync,MongoDB,566979,Athlete,86399,50
DeleteAllAsync,PostgreSQL,2376446,Event,6949,50
DeleteAllAsync,MongoDB,44861,Event,6949,50

